playerid,Player,Team,Position,Status,Salary,Age,%D
19755,Shohei Ohtani,LAA,"UT,SP",BBE,38,29,-
13125,Gerrit Cole,NYY,SP,TCE,40,33,-
18401,Ronald Acuna Jr.,ATL,OF,Edgar,38,25,-
17995,Logan Webb,SF,SP,Tomy,27,27,-
17586,Tanner Scott,MIA,RP,DN,10,29,-
19291,Zac Gallen,ARI,SP,Patron#5,35,28,-
10310,Zack Wheeler,PHI,SP,Pete,36,33,-
17085,Pablo Lopez,MIN,SP,TCE,34,27,-
19569,David Bednar,PIT,RP,Mash,33,29,-
17295,Framber Valdez,HOU,SP,Patron#5,33,30,-
14107,Kevin Gausman,TOR,SP,sfernand,26,32,-
12304,Chris Bassitt,TOR,SP,SS268,32,34,-
15689,Luis Castillo,SEA,SP,Patron#5,37,30,-
25436,George Kirby,SEA,SP,JM,10,25,-
19361,Corbin Burnes,MIL,SP,BBE,32,29,-
27498,Spencer Strider,ATL,"SP,RP",JM,10,25,-
22250,Logan Gilbert,SEA,SP,TCE,35,26,-
16511,Jordan Montgomery,STL/TEX,SP,TCE,25,30,-
17594,Mitch Keller,PIT,SP,SS268,10,27,-
17312,Justin Steele,CHC,SP,Mash,27,28,-
13543,Blake Snell,SD,SP,sfernand,36,31,-
20666,Felix Bautista,BAL,RP,FA,38,28,-
12768,Sonny Gray,MIN,SP,Pete,25,34,-
21132,Alexis Diaz,CIN,RP,Patron#5,30,27,-
13774,Zach Eflin,TB,SP,sfernand,26,29,-
15816,Devin Williams,MIL,RP,JM,35,29,-
21992,Camilo Doval,SF,RP,Mash,19,26,-
16149,Aaron Nola,PHI,SP,BBE,38,30,-
12447,Seth Lugo,SD,"SP,RP",DN,9,34,-
19959,Jesus Luzardo,MIA,SP,Mash,29,26,-
11156,Merrill Kelly,ARI,SP,SS268,14,35,-
24586,Kyle Bradish,BAL,SP,Tomy,14,27,-
21032,Emmanuel Clase,CLE,RP,TYR,26,25,-
14168,Jose Berrios,TOR,SP,TYR,16,29,-
18679,Freddy Peralta,MIL,SP,Pete,35,27,-
10123,Kyle Gibson,BAL,SP,FA,9,36,-
13611,Mookie Betts,LAD,"2B,SS,INF,OF",sfernand,39,31,-
20633,Yusei Kikuchi,TOR,"SP,RP",FA,15,32,-
31838,Kodai Senga,NYM,SP,Tomy,9,30,-
16609,Bryan Abreu,HOU,RP,Tomy,20,26,-
15474,Lucas Giolito,CHW/LAA/CLE,SP,TCE,35,29,-
19853,Michael King,NYY,"SP,RP",Pete,24,28,-
6655,Craig Kimbrel,PHI,RP,sfernand,22,35,-
5361,Freddie Freeman,LAD,"1B,INF",Mash,38,34,-
18345,Kyle Tucker,HOU,OF,BBE,33,26,-
18684,Sandy Alcantara,MIA,SP,Edgar,26,28,-
21390,Joe Ryan,MIN,SP,BBE,31,27,-
25911,Yennier Cano,BAL,RP,SS268,9,29,-
19409,Dane Dunning,TEX,"SP,RP",FA,9,28,-
17734,Evan Phillips,LAD,RP,Pete,29,29,-
9803,Miles Mikolas,STL,SP,sfernand,14,35,-
8700,Justin Verlander,NYM/HOU,SP,Pete,37,40,-
19350,Dean Kremer,BAL,SP,Tomy,9,27,-
3137,Max Scherzer,NYM/TEX,SP,FA,38,39,-
14344,Matt Olson,ATL,"1B,INF",JM,37,29,-
2520,Lance Lynn,CHW/LAD,SP,Tomy,35,36,-
18525,Dylan Cease,CHW,SP,Mash,31,27,-
27779,Bryce Elder,ATL,SP,SS268,9,24,-
14212,Josh Hader,SD,RP,BBE,34,29,-
22487,Johan Oviedo,PIT,"SP,RP",Patron#5,9,25,-
12730,Nick Martinez,SD,"SP,RP",FA,9,33,-
13164,Eduardo Rodriguez,DET,SP,TYR,14,30,-
11804,Hector Neris,HOU,RP,TCE,22,34,-
12533,Marcus Semien,TEX,"2B,INF",Patron#5,36,33,-
21844,Braxton Garrett,MIA,SP,Mash,9,26,-
14332,Joel Payamps,MIL,RP,DN,8,29,-
20000,Tyler A. Wells,BAL,"SP,RP",TCE,8,29,-
13510,Jose Ramirez,CLE,"3B,INF",Mash,37,31,-
26231,Tyler Holton,DET,RP,sfernand,8,27,-
21224,Bailey Ober,MIN,SP,Mash,8,28,-
7005,Ryan Pressly,HOU,RP,Patron#5,35,34,-
25764,Bobby Witt Jr.,KC,"3B,SS,INF",DN,18,23,-
15454,Nick Pivetta,BOS,"SP,RP",JM,8,30,-
20531,Kutter Crawford,BOS,"SP,RP",Edgar,8,27,-
23429,J.P. Sears,OAK,SP,JM,8,27,-
12916,Francisco Lindor,NYM,"SS,INF",Tomy,37,30,-
13799,Matt Strahm,PHI,"SP,RP",Tomy,8,32,-
13892,Paul Sewald,SEA/ARI,RP,TCE,29,33,-
20123,Juan Soto,SD,OF,sfernand,32,25,-
17606,Cristian Javier,HOU,SP,FA,28,26,-
23920,Brayan Bello,BOS,SP,Mash,9,24,-
4676,Charlie Morton,ATL,SP,Patron#5,30,40,-
9323,Patrick Corbin,WSH,SP,SS268,9,34,-
21029,Jhoan Duran,MIN,RP,JM,8,25,-
17859,Adbert Alzolay,CHC,RP,Mash,17,28,-
14916,Jon Gray,TEX,SP,FA,12,32,-
23697,Julio Rodriguez,SEA,OF,BBE,8,22,-
11836,Taijuan Walker,PHI,SP,SS268,8,31,-
25878,Corbin Carroll,ARI,OF,JM,8,23,-
25880,Hunter Brown,HOU,"SP,RP",Mash,8,25,-
17678,Alex Bregman,HOU,"3B,INF",BBE,36,29,-
16587,Erik Swanson,TOR,RP,Mash,23,30,-
30134,Tanner Bibee,CLE,SP,Tomy,8,24,-
25756,Matt Brash,SEA,"SP,RP",BBE,18,25,-
2036,Clayton Kershaw,LAD,SP,Edgar,36,35,-
20367,Brusdar Graterol,LAD,RP,TYR,20,25,-
16556,Ozzie Albies,ATL,"2B,INF",JM,31,26,-
9132,Nathan Eovaldi,TEX,SP,FA,30,33,-
13649,Clay Holmes,NYY,RP,TCE,20,30,-
11674,Jameson Taillon,CHC,SP,FA,19,32,-
14843,Michael Lorenzen,DET/PHI,SP,FA,8,31,-
6562,Alex Cobb,SF,SP,FA,27,36,-
16122,Jordan Romano,TOR,RP,Pete,33,30,-
19531,Jason Foley,DET,RP,SS268,8,28,-
18655,A.J. Minter,ATL,RP,Edgar,30,30,-
16252,Trea Turner,PHI,"SS,INF",TCE,37,30,-
24580,Josiah Gray,WSH,SP,FA,7,25,-
27468,Reid Detmers,LAA,SP,BBE,30,24,-
16561,Austin Gomber,COL,"SP,RP",FA,8,30,-
14078,Michael Wacha,SD,SP,sfernand,7,32,-
12317,Colin Rea,MIL,"SP,RP",FA,1,33,-
19883,Alex Lange,DET,RP,BBE,20,28,-
8241,David Robertson,NYM/MIA,RP,Edgar,12,38,-
18360,Austin Riley,ATL,"3B,INF",TCE,29,26,-
15009,Kyle Finnegan,WSH,RP,Patron#5,12,32,-
19899,Clarke Schmidt,NYY,"SP,RP",FA,7,27,-
15423,Andrew Heaney,TEX,"SP,RP",FA,27,32,-
14374,Tyler Glasnow,TB,SP,TCE,33,30,-
13419,Christian Walker,ARI,"1B,INF",sfernand,27,32,-
29911,Andrew Abbott,CIN,"SP,RP",DN,8,24,-
13431,Marcus Stroman,CHC,SP,Patron#5,11,32,-
15145,Justin Topa,SEA,RP,Pete,7,32,-
16977,Trevor Williams,WSH,"SP,RP",FA,8,31,-
27552,Graham Ashcraft,CIN,SP,Tomy,8,25,-
21479,Nico Hoerner,CHC,"2B,SS,INF",sfernand,23,26,-
17350,Rafael Devers,BOS,"3B,INF",Tomy,34,27,-
25377,Brady Singer,KC,SP,FA,28,27,-
16703,Julian Merryweather,CHC,RP,FA,7,32,-
17130,Raisel Iglesias,ATL,RP,JM,32,33,-
26288,Adley Rutschman,BAL,C,BBE,7,25,-
11477,Christian Yelich,MIL,OF,Mash,35,32,-
20778,Cristopher Sanchez,PHI,"SP,RP",DN,7,26,-
15551,Mark Leiter Jr.,CHC,RP,Patron#5,8,32,-
13074,Yu Darvish,SD,SP,FA,35,37,-
15507,Hunter Harvey,WSH,RP,DN,7,28,-
7593,Jordan Lyles,KC,SP,FA,7,33,-
13761,Chris Stratton,STL/TEX,RP,FA,8,33,-
29837,Bryce Miller,SEA,SP,TCE,7,25,-
16578,Yandy Diaz,TB,"1B,3B,INF",Edgar,30,32,-
14542,Carlos Estevez,LAA,RP,SS268,12,30,-
13624,Corey Seager,TEX,"SS,INF",Tomy,34,29,-
13613,Ketel Marte,ARI,"2B,INF",Tomy,30,30,-
9218,Paul Goldschmidt,STL,"1B,INF",JM,36,36,-
27483,Bobby Miller,LAD,"SP,RP",sfernand,6,24,-
15541,Tyler Rogers,SF,RP,Patron#5,16,32,-
19611,Vladimir Guerrero Jr.,TOR,"1B,INF",Mash,31,24,-
19867,Griffin Canning,LAA,SP,FA,7,27,-
19618,Jordan Hicks,STL/TOR,"SP,RP",BBE,11,27,-
16997,Gleyber Torres,NYY,"2B,INF",SS268,25,26,-
19427,Shane Bieber,CLE,SP,FA,32,28,-
22201,MacKenzie Gore,WSH,SP,BBE,17,24,-
17639,Justin Lawrence,COL,RP,FA,6,29,-
12808,Mike Clevinger,CHW,SP,TYR,6,32,-
12049,Kyle Hendricks,CHC,SP,FA,7,33,-
21483,Shane McClanahan,TB,SP,sfernand,24,26,-
19287,Adolis Garcia,TEX,OF,SS268,22,30,-
19251,Pete Alonso,NYM,"1B,INF",Pete,29,28,-
11760,Drew Smyly,CHC,"SP,RP",FA,7,34,-
19709,Fernando Tatis Jr.,SD,"SS,INF,OF",TCE,29,24,-
26323,Spencer Steer,CIN,"1B,2B,3B,INF,OF",DN,10,25,-
21212,J.P. France,HOU,SP,Edgar,7,28,-
15998,Cody Bellinger,CHC,"1B,INF,OF",Tomy,26,28,-
16400,Reynaldo Lopez,CHW/LAA/CLE,RP,sfernand,19,29,-
17479,Jack Flaherty,STL/BAL,SP,FA,19,28,-
12161,Xander Bogaerts,SD,"SS,INF",sfernand,34,31,-
16256,Kyle Freeland,COL,SP,FA,7,30,-
12095,Yimi Garcia,TOR,RP,FA,13,33,-
20503,William Contreras,MIL,C,Patron#5,25,25,-
12056,Scott McGough,ARI,RP,FA,7,34,-
16478,Kyle Schwarber,PHI,OF,Mash,32,30,-
19479,Aaron Civale,CLE/TB,SP,FA,7,28,-
19447,Patrick Sandoval,LAA,SP,FA,27,27,-
24610,Steven Kwan,CLE,OF,Tomy,7,26,-
15873,Sean Manaea,SF,"SP,RP",FA,13,31,-
14765,Julio Urias,LAD,SP,FA,31,27,-
19876,Kevin Ginkel,ARI,RP,JM,7,29,-
16939,Lane Thomas,WSH,OF,Patron#5,6,28,-
13435,Pierce Johnson,COL/ATL,RP,Edgar,6,32,-
6902,Martin Perez,TEX,"SP,RP",FA,16,32,-
10324,Marcell Ozuna,ATL,OF,JM,20,33,-
26294,Bryson Stott,PHI,"2B,SS,INF",Mash,9,26,-
19566,Nathaniel Lowe,TEX,"1B,INF",sfernand,29,28,-
17919,Ian Happ,CHC,OF,sfernand,23,29,-
4806,Rich Hill,PIT/SD,"SP,RP",FA,7,43,-
27506,Ha-seong Kim,SD,"2B,3B,SS,INF",DN,6,28,-
12856,George Springer,TOR,OF,TCE,35,34,-
17277,Ranger Suarez,PHI,SP,FA,6,28,-
14993,Scott Barlow,KC/SD,RP,sfernand,27,30,-
27681,Ken Waldichuk,OAK,"SP,RP",Tomy,10,25,-
27465,Spencer Torkelson,DET,"1B,INF",BBE,22,24,-
5235,Justin Turner,BOS,"1B,2B,3B,INF",DN,24,39,-
11737,Nick Castellanos,PHI,OF,Tomy,31,31,-
21267,Jake Bird,COL,"SP,RP",FA,6,28,-
19879,Tanner Houck,BOS,"SP,RP",FA,9,27,-
18064,Phil Maton,HOU,RP,FA,6,30,-
12927,Brandon Nimmo,NYM,OF,Edgar,29,30,-
19290,Randy Arozarena,TB,OF,Patron#5,31,28,-
19932,Trevor Stephan,CLE,RP,FA,18,28,-
18568,Luis Arraez,MIA,"1B,2B,INF",BBE,24,26,-
27589,Logan Allen,CLE,"SP,RP",Tomy,6,25,-
19197,Will Smith,LAD,C,TCE,29,28,-
26289,Gunnar Henderson,BAL,"3B,SS,INF",BBE,6,22,-
20253,Griffin Jax,MIN,RP,FA,14,29,-
24492,Grayson Rodriguez,BAL,SP,BBE,6,24,-
1247,Adam Ottavino,NYM,RP,Pete,17,38,-
15491,J.P. Crawford,SEA,"SS,INF",JM,5,28,-
14771,Emilio Pagan,MIN,RP,FA,5,32,-
12880,Tyler Anderson,LAA,SP,FA,12,33,-
20043,Luis Robert Jr.,CHW,OF,JM,22,26,-
19326,Bryan Reynolds,PIT,OF,FA,28,28,-
15514,Kendall Graveman,CHW/HOU,RP,BBE,20,32,-
14814,Buck Farmer,CIN,RP,FA,6,32,-
14551,Anthony Santander,BAL,"1B,INF,OF",DN,31,29,-
15823,Zack Littell,SF/BOS/TB,"SP,RP",Edgar,6,28,-
10233,Aroldis Chapman,KC/TEX,RP,DN,23,35,-
13470,Lucas Sims,CIN,RP,TYR,6,29,-
21846,Cole Ragans,TEX/KC,"SP,RP",DN,9,25,-
2396,Carlos Santana,PIT/MIL,"1B,INF",Pete,5,37,-
26253,Ryne Nelson,ARI,SP,FA,6,25,-
25942,Andrew Nardi,MIA,RP,Tomy,5,25,-
8048,Will Smith,TEX,RP,FA,7,34,-
25768,CJ Abrams,WSH,"SS,INF",sfernand,12,23,-
19403,Colin Poche,TB,RP,Tomy,5,29,-
21741,Javier Assad,CHC,"SP,RP",FA,4,26,-
1943,Zack Greinke,KC,SP,FA,5,40,-
17149,Domingo German,NYY,SP,SS268,6,31,-
21618,Alec Bohm,PHI,"1B,3B,INF",Tomy,19,27,-
19309,Trevor Richards,TOR,"SP,RP",FA,5,30,-
12970,Joe Musgrove,SD,SP,Mash,24,31,-
11493,Manny Machado,SD,"3B,INF",Patron#5,35,31,-
8779,Wade Miley,MIL,SP,Edgar,5,37,-
15684,Miguel Castro,ARI,RP,FA,5,28,-
19556,Yordan Alvarez,HOU,OF,TYR,27,26,-
10603,Chris Sale,BOS,SP,DN,30,34,-
11847,Chris Martin,BOS,RP,TCE,20,37,-
22182,Hunter Greene,CIN,SP,DN,5,24,-
20036,Isaac Paredes,TB,"1B,2B,3B,INF",TCE,5,24,-
18498,Kenta Maeda,MIN,SP,BBE,17,35,-
30279,Bryan Woo,SEA,"SP,RP",sfernand,5,23,-
9777,Nolan Arenado,STL,"3B,INF",Patron#5,34,32,-
21534,Cal Raleigh,SEA,C,Pete,7,27,-
18403,Enyel De Los Santos,CLE,RP,FA,5,27,-
11861,Jason Adam,TB,RP,FA,27,32,-
19677,Gregory Soto,PHI,RP,FA,8,28,-
9073,Kirby Yates,ATL,RP,TYR,5,36,-
18314,Dansby Swanson,CHC,"SS,INF",Pete,25,29,-
13301,Max Muncy,LAD,"2B,3B,INF",Pete,32,33,-
11579,Bryce Harper,PHI,"1B,INF",TCE,32,31,-
19522,TJ Friedl,CIN,OF,Mash,5,28,-
22713,Carlos Hernandez,KC,"SP,RP",FA,6,26,-
17998,Pete Fairbanks,TB,RP,Patron#5,30,29,-
14221,Jorge Soler,MIA,OF,SS268,18,31,-
19612,Bo Bichette,TOR,"SS,INF",SS268,29,25,-
24968,Reese Olson,DET,SP,JM,4,24,-
17282,Michael Kopech,CHW,SP,FA,23,27,-
19610,Keibert Ruiz,WSH,C,Patron#5,18,25,-
19953,Josh Lowe,TB,OF,SS268,5,25,-
13594,Robert Stephenson,PIT/TB,RP,DN,5,30,-
13066,Teoscar Hernandez,SEA,OF,TCE,21,31,-
25463,Brandon Williamson,CIN,SP,Patron#5,5,25,-
15362,Jeff McNeil,NYM,"2B,INF,OF",Tomy,28,31,-
22387,Josh Winckowski,BOS,"SP,RP",FA,4,25,-
21894,Gregory Santos,CHW,RP,FA,6,24,-
31837,Masataka Yoshida,BOS,OF,TCE,5,30,-
21504,Jake Irvin,WSH,SP,FA,6,26,-
12552,Eugenio Suarez,SEA,"3B,INF",FA,28,32,-
22267,Tarik Skubal,DET,SP,Pete,13,27,-
11739,J.T. Realmuto,PHI,C,Pete,33,32,-
19343,A.J. Puk,MIA,RP,FA,18,28,-
27768,Eury Perez,MIA,"SP,RP",Tomy,5,20,-
19950,Andres Gimenez,CLE,"2B,INF",FA,15,25,-
5615,Ryan Brasier,BOS/LAD,RP,FA,5,36,-
15042,Tim Mayza,TOR,RP,Edgar,5,31,-
30122,Gavin Williams,CLE,"SP,RP",TCE,5,24,-
21318,Tylor Megill,NYM,SP,FA,7,28,-
16930,Jonah Heim,TEX,C,Mash,5,28,-
30116,Seiya Suzuki,CHC,OF,Edgar,4,29,-
19238,Lourdes Gurriel Jr.,ARI,OF,Edgar,23,30,-
17432,Jeff Hoffman,PHI,RP,SS268,5,30,-
13621,Jeimer Candelario,WSH/CHC,"1B,3B,INF",FA,5,30,-
18839,Josh Naylor,CLE,"1B,INF",sfernand,15,26,-
20517,Nick Sandlin,CLE,RP,FA,4,26,-
10061,Brooks Raley,NYM,RP,FA,16,35,-
15761,Joe Jimenez,ATL,RP,TCE,16,28,-
23667,Wander Franco,TB,"SS,INF",Patron#5,21,22,-
15640,Aaron Judge,NYY,OF,BBE,31,31,-
14366,Joey Meneses,WSH,"1B,INF,OF",Patron#5,5,31,-
7304,Salvador Perez,KC,"C,1B,INF",Edgar,19,33,-
25931,Michael Harris II,ATL,OF,Edgar,5,22,-
20203,Eli Morgan,CLE,RP,FA,4,27,-
12718,Adrian Houser,MIL,SP,FA,3,30,-
11609,Willson Contreras,STL,C,FA,29,31,-
14932,Ben Lively,CIN,"SP,RP",FA,4,31,-
22197,MJ Melendez,KC,"C,OF",sfernand,25,25,-
15112,Ryan McMahon,COL,"2B,3B,INF",FA,25,28,-
26197,Andrew Vaughn,CHW,"1B,INF,OF",FA,22,25,-
13361,Steven Matz,STL,"SP,RP",FA,5,32,-
24770,James Outman,LAD,OF,Edgar,4,26,-
11281,Whit Merrifield,TOR,"2B,INF,OF",FA,13,34,-
14986,Giovanny Gallegos,STL,RP,DN,26,32,-
20373,Andres Munoz,SEA,RP,TYR,16,24,-
15986,Willy Adames,MIL,"SS,INF",Edgar,27,28,-
13293,Danny Coulombe,BAL,RP,Pete,4,34,-
13145,Josh Bell,CLE/MIA,"1B,INF",FA,30,31,-
17982,Ty France,SEA,"1B,INF",FA,25,29,-
16918,Luke Weaver,CIN/SEA/NYY,"SP,RP",FA,4,30,-
19349,Caleb Ferguson,LAD,"SP,RP",FA,4,27,-
19990,Bryse Wilson,MIL,"SP,RP",FA,4,25,-
13896,Chris Flexen,SEA/NYM/COL,"SP,RP",FA,4,29,-
14524,Jose Leclerc,TEX,RP,JM,13,29,-
17027,Alex Verdugo,BOS,OF,Tomy,25,27,-
16929,Touki Toussaint,CLE/CHW,"SP,RP",FA,3,27,-
12760,Rafael Montero,HOU,RP,FA,23,33,-
22275,Jake Burger,CHW/MIA,"3B,INF",sfernand,4,27,-
21636,Jeremy Pena,HOU,"SS,INF",FA,24,26,-
11828,James Paxton,BOS,SP,FA,5,35,-
11680,Elias Diaz,COL,C,SS268,4,33,-
22543,Taj Bradley,TB,SP,TYR,3,22,-
17901,Andrew Benintendi,CHW,OF,FA,20,29,-
18519,Phil Bickford,LAD/NYM,RP,FA,4,28,-
19600,Bryan De La Cruz,MIA,OF,TYR,13,26,-
22514,Triston Casas,BOS,"1B,INF",Mash,5,23,-
13619,Jakob Junis,SF,"SP,RP",FA,4,31,-
19470,Tommy Edman,STL,"2B,SS,INF,OF",JM,23,28,-
13942,Brent Suter,COL,RP,FA,4,34,-
24064,Ezequiel Tovar,COL,"SS,INF",Patron#5,4,22,-
13050,Anthony DeSclafani,SF,SP,FA,4,33,-
21690,Edward Cabrera,MIA,SP,Mash,3,25,-
19352,Sean Murphy,ATL,C,JM,19,29,-
21649,Luis Medina,OAK,"SP,RP",FA,3,24,-
13424,Drew VerHagen,STL,RP,FA,3,33,-
22361,Colin Holderman,PIT,RP,FA,4,28,-
14295,Wandy Peralta,NYY,RP,FA,6,32,-
22244,Jack Suwinski,PIT,OF,Edgar,3,25,-
19363,Austin Hays,BAL,OF,Patron#5,12,28,-
13580,Steven Okert,MIA,RP,FA,4,32,-
27647,Anthony Volpe,NYY,"SS,INF",BBE,4,22,-
21523,Jonathan India,CIN,"2B,INF",Edgar,20,26,-
19261,Ian Hamilton,NYY,"SP,RP",Edgar,4,28,-
18900,Leody Taveras,TEX,OF,FA,3,25,-
12857,Shawn Armstrong,TB,"SP,RP",DN,4,33,-
3096,Kenley Jansen,BOS,RP,FA,31,36,-
14739,Paul Blackburn,OAK,SP,FA,4,30,-
5417,Jose Altuve,HOU,"2B,INF",Mash,31,33,-
15676,Jose Abreu,HOU,"1B,INF",SS268,30,36,-
25679,Kevin Kelly,TB,"SP,RP",TCE,3,26,-
6399,Jose Cisnero,DET,RP,FA,3,34,-
17780,Jose Alvarado,PHI,RP,Pete,9,28,-
21454,Lars Nootbaar,STL,OF,DN,22,26,-
16162,Brandon Woodruff,MIL,SP,JM,27,30,-
13185,Orlando Arcia,ATL,"2B,SS,INF",Edgar,4,29,-
6184,J.D. Martinez,LAD,UT,JM,28,36,-
18126,LaMonte Wade Jr.,SF,"1B,INF,OF",TYR,3,29,-
19388,Tony Gonsolin,LAD,SP,SS268,20,29,-
20529,Nolan Jones,COL,"1B,INF,OF",sfernand,3,25,-
13743,Max Fried,ATL,SP,FA,28,29,-
18577,Ke'Bryan Hayes,PIT,"3B,INF",BBE,19,26,-
15518,Amed Rosario,CLE/LAD,"2B,SS,INF",FA,20,28,-
17968,Brock Burke,TEX,RP,FA,15,27,-
20515,Kyle Nelson,ARI,RP,FA,4,27,-
2967,Tommy Pham,NYM/ARI,OF,Pete,3,35,-
13449,Taylor Rogers,SF,RP,FA,23,32,-
12144,Max Kepler,MIN,OF,Pete,13,30,-
14162,Carlos Correa,MIN,"SS,INF",FA,31,29,-
11615,Brandon Drury,LAA,"1B,2B,3B,INF",Patron#5,15,31,-
5003,Jake Diekman,CHW/TB,RP,FA,3,36,-
19599,Chas McCormick,HOU,OF,DN,3,28,-
5827,Wilmer Flores,SF,"1B,2B,3B,INF",DN,3,32,-
16502,Ryan Yarbrough,KC/LAD,"SP,RP",FA,4,31,-
19627,Brent Rooker,OAK,OF,TYR,3,29,-
16505,Matt Chapman,TOR,"3B,INF",FA,26,30,-
21584,Tristan Beck,SF,"SP,RP",FA,1,27,-
15653,Dominic Smith,WSH,"1B,INF",FA,3,28,-
17988,Tyler Stephenson,CIN,C,FA,26,27,-
16426,Thairo Estrada,SF,"2B,SS,INF",TCE,12,27,-
19918,Daulton Varsho,TOR,"C,OF",FA,22,27,-
27581,Hayden Wesneski,CHC,"SP,RP",FA,16,26,-
18356,Jaime Barria,LAA,"SP,RP",FA,3,27,-
26299,Josh Jung,TEX,"3B,INF",JM,17,25,-
20353,Steven Wilson,SD,RP,Patron#5,4,29,-
25595,Xzavion Curry,CLE,"SP,RP",FA,3,25,-
16258,Aaron Bummer,CHW,RP,FA,3,30,-
16219,J.D. Davis,SF,"1B,3B,INF",FA,20,30,-
13218,Michael Fulmer,CHC,RP,FA,4,30,-
11445,Mark Canha,NYM/MIL,"1B,INF,OF",DN,12,34,-
18373,Ryan Mountcastle,BAL,"1B,INF",Edgar,27,26,-
12155,Eddie Rosario,ATL,OF,Edgar,3,32,-
12988,Andrew Chafin,ARI/MIL,RP,FA,3,33,-
27782,Brandon Pfaadt,ARI,"SP,RP",Mash,2,25,-
23003,Yainer Diaz,HOU,C,JM,3,25,-
25386,Jhony Brito,NYY,"SP,RP",FA,2,25,-
22263,Nolan Gorman,STL,"2B,3B,INF",TYR,3,23,-
14387,Harold Ramirez,TB,"1B,INF,OF",SS268,2,29,-
9874,DJ LeMahieu,NYY,"1B,2B,3B,INF",Edgar,25,35,-
22799,Geraldo Perdomo,ARI,"2B,3B,SS,INF",SS268,3,24,-
6107,Huascar Brazoban,MIA,RP,FA,3,34,-
16530,Mauricio Dubon,HOU,"2B,SS,INF,OF",Patron#5,3,29,-
25961,Kerry Carpenter,DET,OF,Pete,3,26,-
17611,Taylor Clarke,KC,RP,FA,2,30,-
22715,Maikel Garcia,KC,"3B,SS,INF",sfernand,3,23,-
19274,Jacob Webb,ATL/LAA/BAL,RP,FA,2,30,-
25816,Shea Langeliers,OAK,C,FA,2,26,-
17484,Eloy Jimenez,CHW,OF,DN,25,27,-
13781,Alex Wood,SF,"SP,RP",FA,2,32,-
17490,Genesis Cabrera,STL/TOR,RP,FA,3,27,-
15046,Trevor Gott,SEA/NYM,RP,FA,2,31,-
17929,Cedric Mullins,BAL,OF,FA,27,29,-
20202,Brandon Marsh,PHI,OF,SS268,2,25,-
19769,Will Vest,DET,"SP,RP",Pete,1,28,-
6984,Luis Garcia,SD,RP,FA,9,36,-
26121,Francisco Alvarez,NYM,C,Edgar,3,22,-
25918,Zack Thompson,STL,"SP,RP",Edgar,1,26,-
18548,Sam Hentges,CLE,RP,FA,2,27,-
9847,Andrew McCutchen,PIT,OF,FA,3,37,-
18323,Josh Sborz,TEX,RP,FA,2,29,-
16350,Ryan Borucki,CHC/PIT,RP,Edgar,1,29,-
15264,Keynan Middleton,CHW/NYY,RP,FA,3,30,-
26108,Andre Pallante,STL,"SP,RP",Tomy,2,25,-
18564,Trent Grisham,SD,OF,FA,3,27,-
13190,Jordan Weems,WSH,RP,FA,3,31,-
31839,Shintaro Fujinami,OAK/BAL,"SP,RP",FA,3,29,-
6398,Trevor May,OAK,RP,sfernand,15,34,-
21780,Esteury Ruiz,OAK,OF,Tomy,6,24,-
20391,Luis Garcia,WSH,"2B,SS,INF",FA,5,23,-
27475,Jordan Walker,STL,"3B,INF,OF",JM,2,21,-
23312,Ryan Noda,OAK,"1B,INF,OF",FA,2,27,-
26304,Bryan Hoeing,MIA,"SP,RP",FA,3,27,-
19206,Dakota Hudson,STL,"SP,RP",FA,2,29,-
9627,Yan Gomes,CHC,C,FA,2,36,-
21558,Matt Vierling,DET,"3B,INF,OF",sfernand,2,27,-
18882,Brandon Lowe,TB,"2B,INF",TCE,31,29,-
29695,Matt McLain,CIN,"2B,SS,INF",DN,3,24,-
25007,Alex Vesia,LAD,RP,FA,9,27,-
18333,Alex Young,CIN,RP,FA,2,30,-
19312,Cal Quantrill,CLE,SP,FA,2,28,-
15223,Adam Frazier,BAL,"2B,INF,OF",FA,2,31,-
19614,Cionel Perez,BAL,RP,FA,11,27,-
21897,Christopher Morel,CHC,"2B,INF,OF",Patron#5,2,24,-
15161,Mitch Garver,TEX,C,JM,2,32,-
19858,Luis Rengifo,LAA,"2B,3B,SS,INF,OF",FA,3,26,-
10243,Randal Grichuk,COL/LAA,OF,FA,2,32,-
13273,Ross Stripling,SF,"SP,RP",FA,3,34,-
22581,Alejandro Kirk,TOR,C,FA,12,25,-
10472,Enrique Hernandez,BOS/LAD,"1B,2B,3B,SS,INF,OF",FA,4,32,-
18036,Jake Cronenworth,SD,"1B,2B,INF",Edgar,20,29,-
26285,Tommy Henry,ARI,SP,FA,3,26,-
26668,Elly De La Cruz,CIN,"3B,SS,INF",sfernand,1,21,-
17969,Peter Lambert,COL,"SP,RP",FA,3,26,-
20369,Matt Manning,DET,SP,TYR,2,25,-
16376,Michael Conforto,SF,OF,FA,23,30,-
10815,Jurickson Profar,COL/SD,OF,FA,2,30,-
12979,Javier Baez,DET,"SS,INF",FA,9,31,-
19260,Jake Fraley,CIN,OF,DN,13,28,-
10197,Shelby Miller,LAD,RP,FA,1,33,-
17338,Willi Castro,MIN,"2B,3B,INF,OF",SS268,1,26,-
17485,Albert Abreu,NYY,RP,FA,2,28,-
21298,Andre Jackson,LAD/PIT,"SP,RP",FA,1,27,-
19392,Zach McKinstry,DET,"2B,3B,SS,INF,OF",FA,2,28,-
22664,Gabriel Moreno,ARI,C,FA,2,23,-
9111,Brad Hand,COL/ATL,RP,FA,2,33,-
20191,Garrett Whitlock,BOS,"SP,RP",FA,10,27,-
14361,Ty Blach,COL,"SP,RP",FA,1,33,-
7859,Charlie Blackmon,COL,OF,Pete,10,37,-
11423,Jose Quintana,NYM,SP,DN,1,34,-
23733,Ezequiel Duran,TEX,"3B,SS,INF,OF",SS268,2,24,-
16572,Connor Joe,PIT,"1B,INF,OF",FA,1,31,-
19244,Cole Irvin,BAL,"SP,RP",FA,1,29,-
12037,Jon Berti,MIA,"2B,3B,SS,INF,OF",FA,1,33,-
18138,Ryan Helsley,STL,RP,BBE,11,29,-
20454,Jazz Chisholm Jr.,MIA,"2B,INF,OF",BBE,21,25,-
11899,Joc Pederson,SF,OF,FA,11,31,-
13133,Derek Law,CIN,"SP,RP",FA,1,33,-
11384,Tommy Kahnle,NYY,RP,Tomy,2,34,-
27534,Edouard Julien,MIN,"2B,INF",JM,1,24,-
15279,Garrett Cooper,MIA/SD,"1B,INF",FA,9,32,-
16442,Ryan O'Hearn,BAL,"1B,INF,OF",SS268,1,30,-
24617,Jarren Duran,BOS,OF,Patron#5,2,27,-
15890,Luis Severino,NYY,SP,BBE,20,29,-
27691,Louie Varland,MIN,"SP,RP",JM,1,25,-
13763,Dominic Leone,TEX/NYM/LAA/SEA,RP,FA,1,32,-
15947,Ryne Stanek,HOU,RP,FA,1,32,-
19354,Luke Raley,TB,"1B,INF,OF",FA,2,29,-
10264,Brandon Belt,TOR,"1B,INF",Pete,9,35,-
sa928463,Jose Hernandez,PIT,RP,FA,1,25,-
6895,Chase Anderson,CIN/TB/COL,SP,FA,1,36,-
15274,Mike Tauchman,CHC,OF,FA,1,33,-
24618,Ryan Jeffers,MIN,C,FA,1,26,-
7531,Collin McHugh,ATL,RP,FA,14,36,-
11038,Kevin Kiermaier,TOR,OF,FA,1,33,-
17548,Taylor Ward,LAA,OF,JM,12,29,-
25976,Riley Greene,DET,OF,TCE,2,23,-
17620,Myles Straw,CLE,OF,FA,1,29,-
25660,Will Brennan,CLE,OF,FA,1,25,-
4940,Jason Heyward,LAD,OF,Pete,1,34,-
19249,Seranthony Dominguez,PHI,RP,FA,16,29,-
27684,Michael Massey,KC,"2B,INF",FA,1,25,-
8623,Donovan Solano,MIN,"1B,2B,3B,INF",Pete,1,35,-
13757,Chris Taylor,LAD,"2B,3B,SS,INF,OF",FA,1,33,-
19452,Jake Rogers,DET,C,FA,1,28,-
22186,Brice Turang,MIL,"2B,SS,INF",FA,1,24,-
20070,Bailey Falter,PHI/PIT,SP,FA,2,26,-
5254,Robbie Grossman,TEX,OF,FA,1,34,-
24679,Brendan Donovan,STL,"1B,2B,3B,INF,OF",FA,19,26,-
15172,Tim Anderson,CHW,"SS,INF",Tomy,25,30,-
19896,Connor Wong,BOS,C,FA,1,27,-
16401,Yonny Chirinos,TB/ATL,"SP,RP",FA,1,29,-
19913,Jesus Sanchez,MIA,OF,FA,1,26,-
22558,Jarred Kelenic,SEA,OF,BBE,18,24,-
10155,Mike Trout,LAA,OF,BBE,30,32,-
19698,Edward Olivares,KC,OF,FA,1,27,-
2136,David Peralta,LAD,OF,FA,1,36,-
19874,Alex Faedo,DET,SP,FA,1,28,-
11368,Yasmani Grandal,CHW,C,FA,3,35,-
20020,John Schreiber,BOS,RP,FA,16,29,-
17452,Jose Siri,TB,OF,FA,1,28,-
5448,Jesse Chavez,ATL,RP,FA,1,40,-
17735,Tyler Alexander,DET,"SP,RP",FA,1,29,-
18819,Andy Ibanez,DET,"2B,3B,INF,OF",FA,1,30,-
11489,Michael A. Taylor,MIN,OF,FA,1,32,-
27451,Alec Marsh,KC,"SP,RP",FA,1,25,-
10950,Adam Duvall,BOS,OF,FA,17,35,-
16535,Danny Jansen,TOR,C,FA,1,28,-
21853,Will Benson,CIN,OF,JM,3,25,-
8110,Bryan Shaw,CHW,RP,FA,1,36,-
8709,Elvis Andrus,CHW,"2B,SS,INF",FA,1,35,-
15290,Austin Pruitt,OAK,"SP,RP",FA,1,34,-
6632,Carlos Carrasco,NYM,SP,FA,2,36,-
4949,Giancarlo Stanton,NYY,OF,TCE,29,34,-
2233,Adam Wainwright,STL,SP,FA,1,42,-
15068,Yency Almonte,LAD,RP,FA,1,29,-
14681,Andres Machado,WSH,RP,FA,1,30,-
10591,Scott Alexander,SF,"SP,RP",FA,1,34,-
15440,Matthew Boyd,DET,"SP,RP",FA,13,32,-
3473,Anthony Rizzo,NYY,"1B,INF",FA,25,34,-
14854,Mike Yastrzemski,SF,OF,Edgar,1,33,-
20151,James Karinchak,CLE,RP,FA,1,28,-
7802,Miguel Rojas,LAD,"SS,INF",FA,1,34,-
9761,Joe Kelly,CHW/LAD,RP,FA,1,35,-
7115,Daniel Bard,COL,RP,FA,11,38,-
10343,Aaron Loup,LAA,RP,FA,1,35,-
14894,Tony Kemp,OAK,"2B,INF,OF",FA,1,32,-
12325,Jace Peterson,OAK/ARI,"2B,3B,INF",FA,1,33,-
17273,Jorge Mateo,BAL,"SS,INF",FA,1,28,-
23221,Michael Grove,LAD,"SP,RP",FA,1,26,-
18337,Nick Anderson,ATL,RP,TCE,4,33,-
23792,Alek Thomas,ARI,OF,FA,5,23,-
25805,Blake Sabol,SF,"C,OF",FA,1,25,-
18795,Ramon Urias,BAL,"1B,2B,3B,INF",FA,1,29,-
13152,Jorge Polanco,MIN,"2B,3B,INF",FA,24,30,-
29766,Zack Gelof,OAK,"2B,SS,INF",Pete,1,24,-
14813,Kyle Farmer,MIN,"2B,3B,SS,INF",FA,1,33,-
19296,Alex Call,WSH,OF,FA,1,29,-
22458,Taylor Walls,TB,"2B,3B,SS,INF",FA,1,27,-
18864,Pedro Avila,SD,"SP,RP",FA,1,26,-
12763,Chris Devenski,LAA/TB,RP,FA,1,33,-
18171,Seth Brown,OAK,"1B,INF,OF",FA,14,31,-
17874,Nestor Cortes Jr.,NYY,SP,FA,20,28,-
16727,Brock Stewart,MIN,RP,Tomy,1,32,-
17128,Ramon Laureano,OAK/CLE,OF,FA,1,29,-
10078,Caleb Thielbar,MIN,RP,TCE,14,36,-
25479,Brenton Doyle,COL,OF,FA,1,25,-
16512,Isiah Kiner-Falefa,NYY,"3B,SS,INF,OF",FA,1,28,-
27478,Patrick Bailey,SF,C,FA,1,24,-
18030,Harrison Bader,NYY/CIN,OF,FA,1,29,-
14161,Byron Buxton,MIN,OF,FA,28,29,-
19734,Josh Rojas,ARI/SEA,"2B,3B,INF",FA,13,29,-
20437,Royce Lewis,MIN,"3B,SS,INF",Pete,6,24,-
22168,Akil Baddoo,DET,OF,FA,1,25,-
4892,Mike Moustakas,COL/LAA,"1B,3B,INF",FA,3,35,-
29839,Emmet Sheehan,LAD,SP,TYR,1,24,-
12575,Nick Ramirez,NYY,RP,FA,1,34,-
10028,Christian Bethancourt,TB,"C,1B,INF",FA,1,32,-
6887,Martin Maldonado,HOU,C,FA,1,37,-
11442,Gary Sanchez,SF/NYM/SD,C,FA,1,31,-
26221,Ryan Pepiot,LAD,"SP,RP",Patron#5,4,26,-
23818,Ji-Hwan Bae,PIT,"2B,INF,OF",FA,1,24,-
19293,Nick Senzel,CIN,"3B,INF,OF",FA,1,28,-
9774,Christian Vazquez,MIN,C,FA,1,33,-
19252,Cavan Biggio,TOR,"1B,2B,3B,INF,OF",Mash,1,28,-
12777,John Brebbia,SF,"SP,RP",FA,1,33,-
17232,Yoan Moncada,CHW,"3B,INF",SS268,12,28,-
19574,JoJo Romero,STL,RP,FA,1,27,-
14712,Manuel Margot,TB,OF,FA,1,29,-
9241,Starling Marte,NYM,OF,FA,26,35,-
5297,Aaron Hicks,NYY/BAL,OF,FA,1,34,-
22100,Jose Soriano,LAA,"SP,RP",FA,1,25,-
27615,Alec Burleson,STL,"1B,INF,OF",FA,1,25,-
20325,Alex Kirilloff,MIN,"1B,INF,OF",SS268,10,26,-
13767,J.T. Chargois,MIA,"SP,RP",FA,1,33,-
19956,Mickey Moniak,LAA,OF,SS268,1,25,-
7739,Travis d'Arnaud,ATL,C,Edgar,6,34,-
13602,Patrick Wisdom,CHC,"1B,3B,INF",FA,1,32,-
15679,Rowdy Tellez,MIL,"1B,INF",FA,21,28,-
27597,Cody Bradford,TEX,"SP,RP",FA,1,25,-
13768,Travis Jankowski,TEX,OF,FA,1,32,-
16137,Carlos Rodon,NYY,SP,Tomy,17,30,-
19318,Matt Thaiss,LAA,C,FA,1,28,-
21865,Bo Naylor,CLE,C,sfernand,1,23,-
19198,Yuli Gurriel,MIA,"1B,INF",FA,1,39,-
14130,Daniel Vogelbach,NYM,UT,FA,1,30,-
22294,Matthew Liberatore,STL,"SP,RP",Tomy,1,24,-
16814,Tim Hill,SD,RP,FA,1,33,-
26123,Brett Baty,NYM,"3B,INF",FA,1,24,-
14857,Joe Mantiply,ARI,"SP,RP",FA,13,32,-
18413,Jose Urquidy,HOU,"SP,RP",FA,1,28,-
17722,Trevor Megill,MIN/MIL,RP,FA,1,30,-
20308,Jake Meyers,HOU,OF,FA,1,27,-
1744,Miguel Cabrera,DET,UT,FA,1,40,-
21622,Jake McCarthy,ARI,OF,FA,16,26,-
21840,Freddy Fermin,KC,C,FA,1,28,-
20505,Drew Waters,KC,OF,FA,1,24,-
19871,Tucker Davidson,LAA/KC,"SP,RP",FA,1,27,-
15429,Kris Bryant,COL,OF,Tomy,29,31,-
21614,Kyle Isbel,KC,OF,FA,1,26,-
21023,Adrian Martinez,OAK,"SP,RP",FA,1,26,-
15690,Jimmy Cordero,NYY,RP,FA,1,32,-
20167,Kyle Muller,OAK,"SP,RP",FA,4,26,-
21538,Nick Fortes,MIA,C,FA,1,27,-
17948,Trent Thornton,TOR/SEA,RP,FA,1,30,-
19716,Dustin May,LAD,SP,Tomy,22,26,-
31347,Zach Neto,LAA,"SS,INF",DN,1,22,-
19455,Andruw Monasterio,MIL,"2B,3B,INF",FA,1,26,-
16408,Victor Gonzalez,LAD,RP,FA,1,28,-
11752,Luke Jackson,SF,RP,Edgar,1,32,-
14128,Joey Gallo,MIN,"1B,INF,OF",FA,10,30,-
12546,C.J. Cron,COL/LAA,"1B,INF",FA,28,33,-
20521,Nick Madrigal,CHC,"2B,3B,INF",FA,1,26,-
25385,Drew Rasmussen,TB,SP,FA,21,28,-
26466,Matt Wallner,MIN,OF,JM,1,25,-
19514,Andrew Knizner,STL,C,FA,1,28,-
22288,Mason Englert,DET,"SP,RP",FA,1,24,-
19273,Stone Garrett,WSH,OF,FA,1,28,-
5517,Kyle Higashioka,NYY,C,FA,1,33,-
17022,Edmundo Sosa,PHI,"3B,SS,INF",FA,1,27,-
19901,Gavin Sheets,CHW,"1B,INF,OF",FA,1,27,-
20543,Elehuris Montero,COL,"1B,3B,INF",Edgar,10,25,-
13324,Ildemaro Vargas,WSH,"2B,3B,SS,INF,OF",FA,1,32,-
18331,James Kaprielian,OAK,SP,FA,1,29,-
30074,Chase Silseth,LAA,"SP,RP",JM,4,23,-
14825,Dylan Covey,LAD/PHI,RP,FA,1,32,-
19444,Yohan Ramirez,PIT/CHW,RP,FA,1,28,-
27676,Vinnie Pasquantino,KC,"1B,INF",DN,1,26,-
26368,JJ Bleday,OAK,OF,FA,1,26,-
25327,Abner Uribe,MIL,"SP,RP",Mash,1,23,-
30011,Christian Encarnacion-Strand,CIN,"1B,3B,INF",DN,1,24,-
22117,Nick Pratto,KC,"1B,INF,OF",FA,1,25,-
21707,Oswaldo Cabrera,NYY,"3B,INF,OF",FA,1,24,-
26214,Chris Murphy,BOS,"SP,RP",FA,1,25,-
16647,Ryan Thompson,TB/ARI,RP,FA,1,31,-
14444,Hyun Jin Ryu,TOR,SP,Tomy,1,36,-
15585,Mike Ford,LAA/SEA,"1B,INF",FA,1,31,-
13675,Tyrone Taylor,MIL,OF,FA,1,29,-
22563,Gabriel Arias,CLE,"1B,3B,SS,INF,OF",FA,1,23,-
22217,Luis Campusano,SD,C,Pete,1,25,-
19890,Emmanuel Rivera,ARI,"1B,3B,INF",FA,1,27,-
19818,Josh Palacios,WSH/PIT,OF,FA,1,28,-
21537,Daniel Lynch,KC,SP,FA,1,27,-
14968,Victor Caratini,MIL,C,FA,1,30,-
23499,Keaton Winn,SF,SP,FA,1,25,-
13607,Carl Edwards Jr.,WSH,RP,FA,1,32,-
5343,Brandon Crawford,SF,"SS,INF",FA,1,36,-
10954,Jacob deGrom,TEX,SP,FA,30,35,-
11189,Vince Velasquez,PIT,"SP,RP",FA,1,31,-
24729,Logan O'Hoppe,LAA,C,SS268,1,23,-
15937,Aledmys Diaz,OAK,"1B,2B,3B,SS,INF,OF",FA,1,33,-
6893,Johnny Cueto,MIA,SP,FA,1,37,-
22277,Nick Allen,OAK,"2B,SS,INF",FA,1,25,-
6153,Eduardo Escobar,NYM/LAA,"2B,3B,INF",FA,9,34,-
15711,Tyler O'Neill,STL,OF,Patron#5,18,28,-
4314,Joey Votto,CIN,"1B,INF",FA,1,40,-
13420,Matt Koch,SEA/COL,RP,FA,1,33,-
2429,Corey Kluber,BOS,"SP,RP",FA,3,37,-
29617,Henry Davis,PIT,"C,OF",sfernand,1,24,-
22717,Angel Zerpa,KC,"SP,RP",FA,1,24,-
20321,Stuart Fairchild,CIN,OF,FA,1,27,-
23150,Osvaldo Bido,PIT,"SP,RP",FA,1,28,-
23796,Ryan Weathers,SD/MIA,SP,FA,1,23,-
19262,Garrett Hampson,MIA,"2B,SS,INF,OF",FA,1,29,-
15194,Jake Bauers,NYY,"1B,INF,OF",FA,1,28,-
19339,Nicky Lopez,KC/ATL,"2B,3B,SS,INF",FA,1,28,-
22650,Jordan Diaz,OAK,"2B,3B,INF",FA,1,23,-
23359,Nelson Velazquez,CHC/KC,OF,SS268,1,24,-
29622,Sal Frelick,MIL,OF,Tomy,1,23,-
13853,Joey Wendle,MIA,"2B,3B,SS,INF",FA,1,33,-
30115,Robert Suarez,SD,RP,JM,19,32,-
17464,Jonathan Hernandez,TEX,RP,FA,6,27,-
22925,Joan Adon,WSH,SP,FA,1,25,-
19997,Santiago Espinal,TOR,"2B,3B,SS,INF",FA,1,29,-
15467,Marco Gonzales,SEA,SP,FA,1,31,-
26079,Beau Brieske,DET,"SP,RP",FA,1,25,-
12859,James McCann,BAL,C,FA,1,33,-
25807,Jared Triolo,PIT,"2B,3B,SS,INF",DN,1,25,-
20126,Dylan Carlson,STL,OF,FA,1,25,-
19562,Zack Short,DET,"2B,3B,SS,INF,RP",FA,1,28,-
13723,Jacob Stallings,MIA,"C,RP",FA,1,33,-
24604,Austin Cox,KC,"SP,RP",FA,1,26,-
10681,Gio Urshela,LAA,"1B,3B,INF",FA,7,32,-
26467,Luis Matos,SF,OF,BBE,1,21,-
9368,Evan Longoria,ARI,"3B,INF",FA,5,38,-
26260,Drey Jameson,ARI,"SP,RP",FA,1,26,-
21527,James McArthur,PHI/KC,"SP,RP",sfernand,1,26,-
14691,Harold Castro,COL,"1B,2B,3B,INF,OF",FA,1,30,-
23313,Jose Butto,NYM,SP,FA,1,25,-
27815,Jordan Westburg,BAL,"2B,3B,SS,INF",DN,1,24,-
13355,Luke Maile,CIN,C,FA,1,32,-
27577,Casey Schmitt,SF,"2B,3B,SS,INF",FA,1,24,-
17556,Jimmy Herget,LAA,RP,FA,9,30,-
21501,Trevor Larnach,MIN,OF,FA,1,26,-
21170,Dany Jimenez,OAK,RP,SS268,8,29,-
20056,Alan Trejo,COL,"2B,3B,SS,INF",FA,1,27,-
13499,Tom Murphy,SEA,C,FA,1,32,-
12434,Kevin Pillar,ATL,OF,FA,1,34,-
23809,Ray Kerr,SD,RP,FA,1,29,-
17677,Jeffrey Springs,TB,"SP,RP",FA,23,31,-
16357,Pablo Reyes,MIL/BOS,"2B,SS,INF",SS268,1,30,-
27472,Jared Shuster,ATL,SP,FA,1,25,-
24336,Johan Rojas,PHI,OF,FA,1,23,-
25550,Matt Waldron,SD,"SP,RP",FA,1,27,-
19753,Jonathan Loaisiga,NYY,RP,FA,1,29,-
20009,Kenny Rosenberg,LAA,"SP,RP",FA,1,28,-
15674,Reese McGuire,BOS,C,FA,1,28,-
16153,Austin Slater,SF,OF,FA,1,30,-
sa3005305,Cory Abbott,WSH,"SP,RP",FA,1,28,-
24273,Liover Peguero,PIT,"2B,SS,INF",FA,1,22,-
25332,Endy Rodriguez,PIT,C,FA,1,23,-
17766,DJ Stewart,NYM,OF,Pete,1,30,-
10642,Carlos Perez,OAK,"C,1B,INF",FA,1,33,-
14274,Mitch Haniger,SF,OF,FA,7,32,-
19779,Dairon Blanco,KC,OF,FA,1,30,-
8090,Matt Carpenter,SD,"1B,INF",FA,1,38,-
31757,Mason Miller,OAK,SP,BBE,1,25,-
25977,Quinn Priester,PIT,SP,Patron#5,1,23,-
19806,Jason Delay,PIT,C,FA,1,28,-
19337,Richard Lovelady,ATL/OAK,RP,FA,1,28,-
23565,Davis Schneider,TOR,"2B,3B,INF",JM,1,24,-
26396,Josh Smith,TEX,"3B,SS,INF,OF",FA,1,26,-
12532,Kolten Wong,SEA/LAD,"2B,INF",FA,1,33,-
12861,Anthony Rendon,LAA,"3B,INF",FA,27,33,-
22184,Mark Vientos,NYM,"1B,3B,INF",sfernand,5,23,-
19864,Riley Adams,WSH,C,FA,1,27,-
22871,Tucupita Marcano,PIT,"2B,SS,INF,OF",FA,1,24,-
17907,Brendan Rodgers,COL,"2B,INF",FA,1,27,-
27758,Kyle Harrison,SF,SP,sfernand,1,22,-
14350,Raimel Tapia,BOS/MIL/TB,OF,FA,1,29,-
5038,Josh Donaldson,NYY/MIL,"3B,INF",FA,1,37,-
22532,Tyler Freeman,CLE,"2B,3B,SS,INF",FA,1,24,-
13836,Matt Duffy,KC,"1B,2B,3B,INF",FA,1,32,-
21446,Ryan Feltner,COL,SP,FA,1,27,-
26438,Dominic Canzone,ARI/SEA,OF,JM,1,26,-
14477,Jake Cave,PHI,"1B,INF,OF",FA,1,31,-
21716,Enmanuel Valdez,BOS,"2B,3B,INF",FA,1,24,-
19921,Blake Perkins,MIL,OF,FA,1,27,-
21513,Thad Ward,WSH,"SP,RP",FA,1,26,-
15734,Brad Keller,KC,"SP,RP",FA,1,28,-
19362,Keegan Akin,BAL,RP,FA,1,28,-
11589,Jose Urena,COL/WSH/CHW,SP,FA,1,32,-
26378,Nick Lodolo,CIN,SP,DN,1,25,-
16725,Jose Trevino,NYY,C,FA,1,31,-
21549,Jackson Kowar,KC,RP,FA,1,27,-
21481,Sean Hjelle,SF,RP,FA,1,26,-
17161,Chad Wallach,LAA,C,FA,1,32,-
11200,Kole Calhoun,NYY/LAD/CLE,"1B,INF,OF",FA,1,36,-
21693,Miguel Amaya,CHC,C,FA,1,24,-
21238,Allan Winans,ATL,"SP,RP",FA,1,28,-
18042,Dylan Moore,SEA,"2B,SS,INF,OF",FA,1,31,-
30094,Jordan Wicks,CHC,SP,Tomy,1,24,-
26517,Noelvi Marte,CIN,"3B,SS,INF",DN,1,22,-
20017,Miles Mastrobuoni,CHC,"2B,3B,INF",FA,1,28,-
11121,Casey Lawrence,TOR/STL,RP,FA,1,36,-
18887,Seby Zavala,CHW/ARI,C,FA,1,30,-
12158,Austin Barnes,LAD,C,FA,1,33,-
22207,DL Hall,BAL,RP,Patron#5,1,25,-
23800,Parker Meadows,DET,OF,DN,1,24,-
25777,Peyton Battenfield,CLE/NYM,SP,SS268,1,26,-
12976,Austin Hedges,PIT/TEX,C,FA,1,31,-
13590,Jesse Winker,MIL,OF,FA,23,30,-
16622,Luis Urias,MIL/BOS,"2B,3B,SS,INF",FA,18,26,-
15654,Billy McKinney,NYY,OF,FA,1,29,-
10133,Brad Boxberger,CHC,RP,FA,1,35,-
25569,Jake Alu,WSH,"2B,3B,INF,OF",FA,1,26,-
16358,Tyler Mahle,MIN,SP,FA,8,29,-
13620,Carson Kelly,ARI/DET,C,FA,1,29,-
18363,Victor Robles,WSH,OF,FA,1,26,-
29931,Jacob Young,WSH,OF,FA,1,24,-
33189,Nolan Schanuel,LAA,"1B,3B,INF,OF",DN,1,21,-
16269,John Means,BAL,SP,BBE,4,30,-
9434,Dallas Keuchel,MIN,SP,FA,1,35,-
22823,Oswald Peraza,NYY,"2B,3B,SS,INF",BBE,1,23,-
20157,Matthew Batten,SD,"2B,3B,INF",FA,1,28,-
18335,Josh Staumont,KC,RP,FA,1,29,-
13338,Omar Narvaez,NYM,C,FA,1,31,-
19788,Zach Remillard,CHW,"2B,3B,INF,OF",FA,1,29,-
12564,Trevor Story,BOS,"2B,SS,INF",BBE,9,31,-
19493,Zach Jackson,OAK,RP,FA,1,28,-
24589,Richie Palacios,CLE/STL,OF,FA,1,26,-
12863,Matt Barnes,MIA,RP,FA,1,33,-
19859,Rene Pinto,TB,C,Patron#5,1,27,-
25174,Penn Murfee,SEA,RP,FA,1,29,-
9952,Trayce Thompson,LAD/CHW,OF,FA,2,32,-
23735,Luis Garcia,HOU,SP,FA,19,26,-
20538,Jose Miranda,MIN,"1B,3B,INF",FA,13,25,-
18054,Sam Haggerty,SEA,"2B,INF,OF",FA,1,29,-
18383,Mike Soroka,ATL,SP,FA,1,26,-
22896,Lenyn Sosa,CHW,"2B,3B,INF",FA,1,23,-
10323,Rafael Ortega,TEX/NYM,OF,FA,1,32,-
10160,Ryan Weber,NYY,RP,FA,1,33,-
20970,Oscar Gonzalez,CLE,OF,FA,1,25,-
18067,Garrett Stubbs,PHI,C,FA,1,30,-
15271,Austin Wynns,SF/LAD/COL,C,FA,1,32,-
18300,Andrew Suarez,STL,"SP,RP",FA,1,31,-
23698,Ronny Mauricio,NYM,"2B,SS,INF",BBE,1,22,-
27790,Evan Carter,TEX,OF,DN,1,21,-
21560,Alfonso Rivas,SD/PIT,"1B,INF",FA,1,27,-
15878,Miguel Andujar,PIT,OF,FA,1,28,-
18297,Tyler Kinley,COL,RP,FA,1,32,-
19911,Jose Suarez,LAA,SP,FA,1,25,-
23772,Wilyer Abreu,BOS,OF,sfernand,1,24,-
19665,Kyle Wright,ATL,SP,FA,15,28,-
17793,Trey Wingenter,DET,RP,FA,1,29,-
15288,Adam Cimber,TOR,RP,FA,1,33,-
12005,Nick Martini,CIN,OF,FA,1,33,-
15463,Jose De Leon,MIN,RP,FA,1,31,-
24602,Drew Rom,BAL/STL,SP,FA,1,23,-
18821,Jose Azocar,SD,OF,FA,1,27,-
22542,Lawrence Butler,OAK,"3B,INF,OF",FA,1,23,-
16451,Luis Guillorme,NYM,"2B,3B,INF",FA,1,29,-
29960,AJ Smith-Shawver,ATL,SP,Edgar,1,21,-
27490,Nick Gonzales,PIT,"2B,INF",FA,1,24,-
27562,Austin Wells,NYY,C,TYR,1,24,-
5452,Ji-Man Choi,PIT/SD,"1B,INF",FA,1,32,-
21837,Jonathan Aranda,TB,"1B,2B,INF",Pete,1,25,-
17992,David Fletcher,LAA,"2B,SS,INF",FA,1,29,-
15104,Jonathan Davis,DET/MIA,OF,FA,1,31,-
27467,Tyler Soderstrom,OAK,"C,1B,INF",TYR,1,22,-
27479,Masyn Winn,STL,"SS,INF",sfernand,1,21,-
26048,Sawyer Gipson-Long,DET,"SP,RP",sfernand,1,25,-
29608,Joe Boyle,OAK,"SP,RP",Mash,1,24,-
22266,Xavier Edwards,MIA,"2B,SS,INF",FA,1,24,-
17893,Tyler Nevin,DET,"3B,INF",FA,1,26,-
29928,Dylan Dodd,ATL,SP,FA,1,25,-
19948,Cristian Pache,PHI,OF,FA,1,25,-
21562,Romy Gonzalez,CHW,"2B,INF,OF",FA,1,27,-
16943,Sean Newcomb,SF/OAK,RP,FA,1,30,-
17359,Josh Taylor,KC,RP,FA,1,30,-
25928,Darius Vines,ATL,SP,SS268,1,25,-
17321,Michael Chavis,WSH,"1B,2B,INF",FA,1,28,-
6986,Ian Kennedy,TEX,RP,FA,1,38,-
15038,German Marquez,COL,SP,FA,1,28,-
5760,Avisail Garcia,MIA,OF,FA,1,32,-
27792,Gavin Stone,LAD,"SP,RP",Tomy,1,25,-
19958,Carter Kieboom,WSH,"3B,INF",FA,1,26,-
21497,Luken Baker,STL,"1B,INF",FA,1,26,-
27630,Nick Loftin,KC,"SS,INF",FA,1,25,-
23986,Curtis Mead,TB,"2B,3B,INF",Pete,1,23,-
10441,Jon Singleton,MIL/HOU,"1B,INF",FA,1,32,-
29715,Hunter Goodman,COL,"C,OF",DN,1,24,-
24262,Ceddanne Rafaela,BOS,"SS,INF,OF",Mash,1,23,-
17954,Sam Hilliard,ATL,OF,FA,1,29,-
19459,Jorge Alcala,MIN,RP,FA,1,28,-
23985,Osleivis Basabe,TB,"SS,INF",FA,1,23,-
20276,Deivi Garcia,NYY/CHW,"SP,RP",FA,1,24,-
12828,Andrew Kittredge,TB,RP,FA,1,33,-
18217,Brett Sullivan,SD,C,FA,1,29,-
16424,Jordan Luplow,ATL/TOR/MIN,OF,FA,1,30,-
12510,Curt Casali,CIN,C,FA,1,35,-
11339,Jake Marisnick,CHW/DET/LAD,OF,FA,1,32,-
27649,Connor Phillips,CIN,"SP,RP",Tomy,1,22,-
15124,Tim Locastro,NYM,OF,FA,1,31,-
16337,Nick Gordon,MIN,"2B,INF,OF",FA,1,28,-
17897,Garrett Cleavinger,TB,RP,FA,5,29,-
26031,Vaughn Grissom,ATL,"2B,SS,INF",Mash,1,22,-
22815,Luis Patino,TB/CHW,"SP,RP",FA,1,24,-
27845,Matt Mervis,CHC,"1B,INF",SS268,1,25,-
27555,Garrett Mitchell,MIL,OF,TYR,7,25,-
25353,Michael Stefanic,LAA,"2B,INF",FA,1,27,-
12981,Cam Gallagher,CLE,C,FA,1,31,-
23690,Brayan Rocchio,CLE,"SS,INF",FA,1,22,-
22286,Trevor Rogers,MIA,SP,FA,16,26,-
4106,Michael Brantley,HOU,OF,FA,18,36,-
15552,Chad Green,TOR,RP,FA,1,32,-
24737,Gus Varland,MIL/LAD,"SP,RP",FA,1,27,-
21455,Kris Bubic,KC,SP,FA,1,26,-
12775,Brad Miller,TEX,"3B,INF,OF",FA,1,34,-
19151,Estevan Florial,NYY,OF,BBE,1,26,-
21270,Sean Bouchard,COL,"OF,UT",Pete,1,27,-
26319,Michael Busch,LAD,"2B,3B,INF",JM,1,26,-
19200,Jose Quijada,LAA,RP,FA,1,28,-
23695,Everson Pereira,NYY,OF,Edgar,1,22,-
20287,Ben Rortvedt,NYY,C,FA,1,26,-
20220,Jo Adell,LAA,OF,Pete,1,24,-
23460,Brandon Hughes,CHC,RP,FA,15,28,-
12323,Jacob Barnes,PHI/STL,RP,FA,1,33,-
13897,Tyler Heineman,PIT/TOR,C,FA,1,32,-
14735,Brett Phillips,LAA,OF,FA,1,29,-
20387,Anthony Kay,CHC/NYM,RP,FA,1,28,-
20599,Ivan Herrera,STL,C,FA,1,23,-
26365,Jonny Deluca,LAD,OF,JM,1,25,-
25097,Garrett Hill,DET,"SP,RP",FA,1,27,-
28080,Jasson Dominguez,NYY,OF,BBE,1,20,-
20404,Jared Young,CHC,"1B,INF",FA,1,28,-
21711,Oneil Cruz,PIT,"SS,INF",sfernand,1,25,-
19754,Reiver Sanmartin,CIN,RP,FA,1,27,-
26215,Jackson Rutledge,WSH,SP,FA,1,24,-
29591,Colton Cowser,BAL,OF,Patron#5,1,23,-
18889,Danny Mendick,NYM,"2B,SS,INF",FA,1,30,-
26477,Spencer Horwitz,TOR,"1B,INF",TCE,1,26,-
17034,Sean Reid-Foley,NYM,RP,FA,1,28,-
9929,Darin Ruf,NYM/SF/MIL,"1B,INF,OF",FA,1,37,-
19964,Eguy Rosario,SD,"3B,INF",FA,1,24,-
14420,Jackson Stephens,ATL,RP,FA,1,29,-
18400,Juan Yepez,STL,OF,FA,1,25,-
27463,Garrett Crochet,CHW,RP,FA,1,24,-
sa828682,Forrest Wall,SEA/ATL,OF,FA,1,28,-
20617,Jean Carlos Mejia,MIL,RP,FA,1,27,-
20626,Logan Porter,KC,C,FA,1,28,-
28163,Junior Caminero,TB,"SS,INF",Pete,1,20,-
11487,Joely Rodriguez,BOS,RP,FA,1,32,-
19966,Bobby Dalbec,BOS,"1B,3B,INF",FA,1,28,-
31461,Ben Joyce,LAA,"SP,RP",BBE,1,23,-
22176,Easton McGee,SEA,RP,FA,1,25,-
25616,Marco Luciano,SF,"SS,INF",Mash,1,22,-
18000,Triston McKenzie,CLE,SP,FA,19,26,-
18311,Carson Fulmer,LAD/LAA,"SP,RP",FA,1,29,-
17932,Andrew Stevenson,MIN,OF,FA,1,29,-
18694,Kolby Allard,ATL,"SP,RP",FA,1,26,-
31166,Heston Kjerstad,BAL,OF,TYR,1,24,-
25098,Jacob Lopez,TB,SP,FA,1,25,-
15905,Luis Torrens,CHC/BAL/WSH/SEA,C,FA,1,27,-
23324,Freddy Tarnok,OAK,RP,FA,1,25,-
27582,Davis Daniel,LAA,SP,FA,1,26,-
25543,Korey Lee,HOU/CHW,C,FA,1,25,-
18395,Travis Blankenhorn,NYM/WSH,"OF,UT",FA,1,27,-
sa3003316,Alexander Canario,CHC,OF,Pete,1,23,-
26420,Kyren Paris,LAA,"SS,INF",FA,1,22,-
sa917932,Blake Rutherford,CHW/WSH,OF,FA,1,26,-
12977,Michael Perez,NYM,C,FA,1,31,-
16233,Tejay Antone,CIN,RP,Mash,1,30,-
27942,John McMillon,KC,RP,Edgar,1,25,-
19931,Luke Williams,LAD/ATL,"3B,INF,OF",FA,1,27,-
15672,Austin Meadows,DET,OF,FA,15,28,-
20491,J.B. Bukauskas,SEA/MIL,RP,FA,1,27,-
1246,Matt Bush,MIL/TEX,"SP,RP",FA,1,37,-
2900,Roberto Perez,SF,C,FA,1,34,-
29976,Jordan Lawlar,ARI,"SS,INF",DN,1,21,-
27769,Pete Crow-Armstrong,CHC,OF,BBE,1,21,-
19360,Lucas Erceg,MIL/OAK,"3B,INF,SP,RP",FA,1,28,-
21366,Glenn Otto,TEX/SD,"SP,RP",FA,1,27,-
27470,Emerson Hancock,SEA,SP,TCE,1,24,-
20039,Adrian Morejon,SD,RP,FA,1,24,-
13359,Tyler Naquin,MIL/CHW,OF,FA,1,32,-
20153,Nick Nelson,PHI,RP,FA,1,28,-
12499,Drew Rucinski,OAK,"SP,RP",FA,1,34,-
3548,Liam Hendriks,CHW,RP,FA,19,34,-
2895,Zach McAllister,STL/NYY,"SP,RP",FA,1,35,-
23301,Janson Junk,MIL,SP,FA,1,27,-
15488,Antonio Senzatela,COL,SP,FA,1,28,-
20099,Chris Paddack,MIN,SP,FA,1,27,-
18376,Connor Overton,CIN,SP,FA,1,30,-
7146,Daniel Hudson,LAD,RP,FA,8,36,-
31776,Orion Kerkering,PHI,SP,sfernand,1,22,-
14510,Thyago Vieira,MIL,RP,FA,1,30,-
16074,Nick Burdi,CHC,RP,FA,1,30,-
24494,Simeon Woods-Richardson,MIN,SP,SS268,1,23,-
10756,Shane Greene,NYY/CHC,RP,FA,1,35,-
13758,Tyler Duffey,TEX/CHC,RP,FA,1,32,-
14764,Wes Parsons,TOR,RP,FA,1,31,-
sa3005069,Prelander Berroa,SEA,"SP,RP",FA,1,23,-
11486,Robbie Ray,SEA,SP,BBE,28,32,-
17610,Tanner Rainey,WSH,RP,FA,1,30,-
14309,Frankie Montas,NYY,SP,sfernand,1,30,-
27453,Anthony Veneziano,KC,"SP,RP",FA,1,26,-
11270,Aaron Altherr,NYM,OF,FA,1,32,-
15915,Victor Arano,WSH,RP,FA,1,28,-
23550,Aaron Ashby,MIL,"SP,RP",JM,1,25,-
11850,Tyler Austin,MIL,"1B,INF,OF",FA,1,32,-
22264,Shane Baz,TB,SP,sfernand,1,24,-
10297,Chad Bell,ATL,RP,FA,1,34,-
19742,Anthony Bender,MIA,RP,FA,1,28,-
11247,Jabari Blash,LAA,OF,FA,1,34,-
17783,Jake Brentz,KC,RP,FA,1,29,-
17578,JT Brubaker,PIT,SP,FA,1,30,-
19374,Walker Buehler,LAD,SP,Mash,17,29,-
sa3008742,Diego Cartaya,LAD,C,Patron#5,1,22,-
27473,Cade Cavalli,WSH,SP,FA,1,25,-
sa3015704,Jackson Chourio,MIL,OF,Pete,1,19,-
5535,Phil Coke,PIT,RP,FA,1,41,-
sa455436,Zack Cox,WSH,"3B,INF",FA,1,34,-
16058,Stefan Crichton,ARI,RP,FA,1,31,-
3188,Luis Cruz,NYY,"3B,INF",FA,1,39,-
14710,Edwin Diaz,NYM,RP,DN,29,29,-
9331,Jason Donald,TEX,"SS,INF",FA,1,39,-
1581,Sean Doolittle,WSH,RP,FA,1,37,-
19268,Justin Dunn,CIN,SP,FA,1,28,-
18384,Scott Effross,NYY,RP,FA,1,29,-
16610,J.P. Feyereisen,LAD,RP,FA,1,30,-
12179,Maikel Franco,WSH,"3B,INF",FA,1,31,-
18282,Jarlin Garcia,PIT,RP,FA,1,30,-
9433,Dustin Garneau,DET,C,FA,1,36,-
21052,Luis Gil,NYY,SP,FA,3,25,-
17062,Grayson Greiner,COL,C,FA,1,31,-
15670,Alex Guerrero,LAD,OF,FA,1,37,-
19278,Vladimir Gutierrez,CIN,SP,FA,1,28,-
4972,Cole Hamels,SD,SP,FA,1,39,-
16933,Elieser Hernandez,NYM,"SP,RP",FA,1,28,-
23293,Codi Heuer,CHC,RP,FA,1,27,-
8211,Steven Hill,OAK,C,FA,1,38,-
sa3020241,Jackson Holliday,BAL,"SS,INF",TYR,1,20,-
16472,Rhys Hoskins,PHI,"1B,INF",FA,26,30,-
19369,Jae-gyun Hwang,SF,"3B,INF",FA,1,36,-
10232,Ryota Igarashi,NYY,RP,FA,1,44,-
9632,Brett Jackson,SF,OF,FA,1,35,-
sa3018054,Jackson Jobe,DET,"SP,RP",TCE,1,21,-
4567,Josh Johnson,WSH,"SS,INF",FA,1,37,-
13047,Munenori Kawasaki,CHC,"2B,INF",FA,1,42,-
9174,Casey Kelly,SF,RP,FA,1,34,-
18718,Hyun Soo Kim,PHI,OF,FA,1,35,-
sa3019973,Brooks Lee,MIN,"SS,INF",Edgar,1,22,-
18722,Dae-Ho Lee,SEA,"1B,INF",FA,1,41,-
sa3018053,Jack Leiter,TEX,SP,Patron#5,1,23,-
4556,James Loney,NYM,"1B,INF",FA,1,39,-
19955,Gavin Lux,LAD,"2B,INF,OF",Mash,8,26,-
5588,Mitch Maier,KC,OF,FA,1,41,-
sa3017342,Kyle Manzardo,TB/CLE,"1B,INF",JM,1,23,-
2852,Chris Marrero,SF,"1B,INF,OF",FA,1,35,-
17369,Brett Martin,TEX,RP,FA,1,28,-
19884,Corbin Martin,ARI,RP,FA,1,27,-
10058,Tyler Matzek,ATL,RP,FA,1,33,-
sa3017114,Marcelo Mayer,BOS,"SS,INF",Patron#5,1,20,-
14120,Lance McCullers Jr.,HOU,SP,BBE,2,30,-
4264,Mark Melancon,ARI,RP,FA,1,38,-
sa3016829,Jackson Merrill,SD,"SS,INF",Edgar,1,20,-
27474,Max Meyer,MIA,SP,TYR,1,24,-
20492,Casey Mize,DET,SP,Mash,1,26,-
7007,Yadier Molina,STL,C,FA,1,41,-
13769,Adalberto Mondesi,BOS,"SS,INF",FA,1,28,-
4316,Daniel Murphy,LAA,"1B,INF",FA,1,38,-
14446,Hiroyuki Nakajima,OAK,"SS,INF",FA,1,41,-
10547,Jimmy Nelson,LAD,RP,FA,1,34,-
6397,Jake Odorizzi,TEX,SP,FA,1,33,-
18719,Seunghwan Oh,COL,RP,FA,1,41,-
sa3017880,Andrew Painter,PHI,SP,Edgar,1,20,-
15191,Chad Pinder,WSH/ATL,OF,FA,1,31,-
11426,Drew Pomeranz,SD,RP,FA,1,35,-
2413,Cory Rasmus,LAA,RP,FA,1,36,-
15015,Alex Reyes,LAD,RP,FA,1,29,-
22310,Chris Rodriguez,LAA,RP,FA,1,25,-
11773,Jason Rogers,PIT,"1B,INF",FA,1,35,-
9817,Sergio Romo,SF,RP,FA,1,40,-
sa502078,Daniel Rosenbaum,WSH,SP,FA,1,36,-
13211,Warwick Saupold,DET,RP,FA,1,33,-
7274,Craig Stammen,SD,RP,FA,1,39,-
10059,Max Stassi,LAA,C,FA,1,32,-
10131,Stephen Strasburg,WSH,SP,FA,1,35,-
sa875054,Thomas Szapucki,SF,RP,FA,1,27,-
17796,Dillon Tate,BAL,RP,FA,1,29,-
sa3018096,Ricky Tiedemann,TOR,SP,Patron#5,1,21,-
13414,Andrew Toles,LAD,OF,FA,1,31,-
12572,Blake Treinen,LAD,RP,FA,1,35,-
15043,Lou Trivino,NYY,RP,FA,1,32,-
sa3006872,George Valera,CLE,OF,TYR,1,23,-
sa3014516,Zac Veen,COL,OF,Patron#5,1,21,-
4138,Carlos Villanueva,SD,RP,FA,1,40,-
20078,Evan White,SEA,"1B,INF",FA,1,27,-
4301,Justin Wilson,MIL,RP,FA,1,36,-
sa3016870,James Wood,WSH,OF,DN,1,21,-
304,Kerry Wood,CHC,RP,FA,1,46,-
198,Danny Worth,HOU,"2B,SS,INF",FA,1,38,-
17585,Jordan Yamamoto,NYM,RP,FA,1,27,-
12938,Gabriel Ynoa,BAL,RP,FA,1,30,-
20468,Huascar Ynoa,ATL,SP,FA,1,25,-
