ID,Player,Position,Status,Age,ADP,IDFANGRAPHS
*03zbh*,Fernando Tatis Jr.,"SS,OF",Pinstrip,23,2.45,19709
*03ynj*,Juan Soto,OF,Hit,23,2.69,20123
*02c68*,Trea Turner,"2B,SS",Scavenge,28,3.35,16252
*03ojr*,Vladimir Guerrero Jr.,1B,lasmimis,22,4.77,19611
*01ub6*,Jose Ramirez,3B,La Maqui,29,5,13510
*041qb*,Bo Bichette,SS,La Maqui,23,7.88,19612
*01spo*,Gerrit Cole,SP,La Maqui,31,8.06,13125
*02yc4*,Shohei Ohtani,"UT,SP",miche,27,8.55,19755
*041rd*,Corbin Burnes,SP,miche,27,9.26,19361
*01fh9*,Bryce Harper,OF,Canha Ge,29,9.97,11579
*03wha*,Ronald Acuna Jr.,OF,METS,24,11.29,18401
*03aac*,Walker Buehler,SP,La Maqui,27,12.58,19374
*01s8u*,Mike Trout,OF,miche,30,13.56,10155
*03pir*,Kyle Tucker,OF,miche,24,15.4,18345
*02btf*,Mookie Betts,OF,sfernand,29,15.44,13611
*02bu3*,Brandon Woodruff,SP,Canha Ge,28,17.29,16162
*004ee*,Max Scherzer,SP,SLG,37,17.51,3137
*030uc*,Rafael Devers,3B,sfernand,25,19.64,17350
*01sb3*,Zack Wheeler,SP,SLG,31,19.77,10310
*01cgo*,Freddie Freeman,1B,lasmimis,32,20.6,5361
*02hjp*,Jacob deGrom,SP,99 prob,33,21.22,10954
*03fi0*,Ozzie Albies,2B,METS,25,21.62,16556
*047l7*,Luis Robert,OF,Canha Ge,24,23.46,20043
*041rf*,Shane Bieber,SP,99 prob,26,24.28,19427
*02vl6*,Julio Urias,SP,99 prob,25,29.64,14765
*01svq*,Manny Machado,3B,Canha Ge,29,29.95,11493
*04355*,Yordan Alvarez,OF,CALIXTO,24,30.08,19556
*02bu9*,Marcus Semien,"2B,SS",Hit,31,30.22,12533
*03btv*,Sandy Alcantara,SP,METS,26,30.87,18684
*03qr0*,Cedric Mullins,OF,CALIXTO,27,30.99,17929
*025j1*,Robbie Ray,SP,Pinstrip,30,31.72,11486
*02i3o*,Aaron Nola,SP,CALIXTO,28,33.62,16149
*02z0s*,Aaron Judge,OF,miche,29,35.24,15640
*02i37*,Lucas Giolito,SP,miche,27,35.44,15474
*02mwm*,Matt Olson,1B,Canha Ge,27,38.23,14344
*01s9k*,Starling Marte,OF,99 prob,33,39.87,9241
*02hjk*,Whit Merrifield,"2B,OF",Scavenge,32,40.17,11281
*02xic*,Teoscar Hernandez,OF,Pinstrip,29,41.4,13066
*03dc4*,Freddy Peralta,SP,miche,25,42.79,18679
*01u75*,Salvador Perez,C,sfernand,31,43.67,7304
*025gb*,Xander Bogaerts,SS,Hit,29,45.82,12161
*04csx*,Wander Franco,SS,Scavenge,20,47.81,23667
*02hi7*,Kevin Gausman,SP,99 prob,31,48.69,14107
*01uca*,Chris Sale,SP,Scavenge,32,49.37,10603
*03d6w*,Jack Flaherty,SP,miche,26,49.91,17479
*02bqh*,Trevor Story,SS,lasmimis,29,50.33,12564
*01ual*,Paul Goldschmidt,1B,CALIXTO,34,52.35,9218
*01s94*,Lance Lynn,SP,Pinstrip,34,54.51,2520
*03nuc*,Luis Castillo,SP,Scavenge,29,54.55,15689
*03pom*,Austin Riley,3B,Pinstrip,24,54.96,18360
*030ud*,Eloy Jimenez,OF,99 prob,25,57.56,17484
*024m0*,Jose Altuve,2B,CALIXTO,31,58.23,5417
*025he*,George Springer,OF,sfernand,32,58.45,12856
*041pz*,Pete Alonso,1B,SLG,27,58.88,19251
*03110*,Tim Anderson,SS,METS,28,59.08,15172
*01uc9*,Nick Castellanos,OF,La Maqui,29,59.45,11737
*02mwk*,Jose Berrios,SP,sfernand,27,59.77,14168
*03dbm*,Logan Webb,SP,SLG,25,60.78,17995
*01ub8*,Liam Hendriks,RP,CALIXTO,32,61,3548
*02611*,Francisco Lindor,SS,Pinstrip,28,61.65,12916
*03qjy*,Brandon Lowe,2B,Scavenge,27,62.21,18882
*02w7p*,Alex Bregman,3B,Canha Ge,27,63.09,17678
*02n96*,Josh Hader,RP,miche,27,64.23,14212
*02i2k*,Byron Buxton,OF,miche,28,64.51,14161
*02i2j*,Max Fried,SP,CALIXTO,27,68.36,13743
*02yk4*,Tyler O'Neill,OF,Canha Ge,26,68.58,15711
*02mw6*,Corey Seager,SS,CALIXTO,27,69.73,13624
*02bqy*,Joe Musgrove,SP,Hit,29,69.87,12970
*02yg3*,Frankie Montas,SP,CALIXTO,28,70.77,14309
*040b5*,Randy Arozarena,OF,Scavenge,26,71.92,19290
*01sy3*,Nolan Arenado,3B,Canha Ge,30,72,9777
*02i2e*,Jose Abreu,1B,CALIXTO,34,74.67,15676
*03df2*,Dylan Cease,SP,lasmimis,26,75.36,18525
*02i3g*,Adalberto Mondesi,3B,99 prob,26,76.18,13769
*04ak5*,Trevor Rogers,SP,CALIXTO,24,76.67,22286
*005jn*,Charlie Morton,SP,Canha Ge,38,76.91,4676
*04yfw*,Alek Manoah,SP,CALIXTO,24,78.15,26410
*025i9*,J.T. Realmuto,C,CALIXTO,30,79.42,11739
*02i2q*,Carlos Correa,SS,miche,27,80.04,14162
*026mn*,Javier Baez,"2B,SS",Hit,29,86.35,12979
*042sz*,Will Smith,C,Pinstrip,26,86.77,19197
*01c5l*,Yu Darvish,SP,La Maqui,35,88.04,13074
*03e5m*,Bryan Reynolds,OF,Canha Ge,26,88.29,19326
*02yd1*,Jorge Polanco,"2B,SS",sfernand,28,89.77,13152
*02mwj*,Mitch Haniger,OF,Hit,31,90.29,14274
*02334*,J.D. Martinez,OF,CALIXTO,34,91.45,6184
*0326s*,Ketel Marte,"2B,OF",CALIXTO,28,91.63,13613
*04nx3*,Jonathan India,2B,lasmimis,25,92.32,21523
*04mlt*,Shane McClanahan,SP,sfernand,24,92.64,21483
*01cdf*,Giancarlo Stanton,OF,99 prob,32,92.65,4949
*02mwg*,Jesse Winker,OF,METS,28,95.09,13590
*01ubo*,Kris Bryant,"3B,OF",METS,30,95.38,15429
*03120*,Cody Bellinger,OF,Pinstrip,26,97.13,15998
*02c2r*,Carlos Rodon,SP,lasmimis,29,97.32,16137
*045qo*,Jazz Chisholm Jr.,"2B,SS",METS,23,98.15,20454
*025dn*,Christian Yelich,OF,Hit,30,98.41,11477
*03aqv*,Raisel Iglesias,RP,Canha Ge,32,98.47,17130
*02mzg*,Max Muncy,"1B,2B",SLG,31,99.6,13301
*0312g*,Tyler Mahle,SP,Canha Ge,27,102.32,16358
*02i3v*,Joey Gallo,OF,Hit,28,102.65,14128
*043f9*,Pablo Lopez,SP,sfernand,25,103.31,17085
*026l1*,Lance McCullers Jr.,SP,miche,28,103.31,14120
*041sq*,Tommy Edman,"2B,OF",FA,26,105.01,19470
*02bqr*,Blake Snell,SP,Hit,29,108.71,13543
*041qo*,Zac Gallen,SP,Scavenge,26,111.63,19291
*01uqq*,Yasmani Grandal,C,Scavenge,33,112.85,11368
*01ut7*,Nathan Eovaldi,SP,lasmimis,31,113.14,9132
*02my5*,Edwin Diaz,RP,99 prob,27,113.69,14710
*04lgp*,Bobby Witt Jr.,SS,99 prob,21,113.74,sa3011225
*01tt9*,Anthony Rendon,3B,FA,31,114.06,12861
*03cag*,Kyle Schwarber,OF,CALIXTO,28,115.23,16478
*02i3z*,Franmil Reyes,UT,Canha Ge,26,118.27,14566
*02k18*,Austin Meadows,OF,Canha Ge,26,119.13,15672
*04ggr*,Jarred Kelenic,OF,Scavenge,22,119.64,22558
*04auj*,Framber Valdez,SP,lasmimis,28,120.13,17295
*02c2h*,Chris Bassitt,SP,99 prob,32,121.92,12304
*04cwf*,Shane Baz,SP,sfernand,22,124.73,22264
*000dp*,Justin Verlander,SP,W (Sun),38,126.58,8700
*03qmh*,Jake Cronenworth,"1B,2B,SS",La Maqui,27,126.85,18036
*03pjl*,Ryan Mountcastle,"1B,OF",sfernand,24,127.76,18373
*02zif*,Ryan Pressly,RP,miche,33,128.86,7005
*01gya*,Aroldis Chapman,RP,Pinstrip,33,128.95,10233
*041m0*,Ian Anderson,SP,METS,23,129.77,19951
*04ni3*,Luis Garcia,SP,SLG,25,129.99,23735
*01sfi*,DJ LeMahieu,"1B,2B,3B",sfernand,33,130.72,9874
*03ae8*,Dansby Swanson,SS,sfernand,27,131.17,18314
*02x0f*,Sean Manaea,SP,CALIXTO,29,131.65,15873
*04n0m*,Logan Gilbert,SP,sfernand,24,131.76,22250
*03pit*,Trent Grisham,OF,lasmimis,25,132,18564
*04efa*,Daulton Varsho,"C,OF",Hit,25,132.21,19918
*04p9n*,Jared Walsh,1B,METS,28,133.77,18607
*04ug5*,Emmanuel Clase,RP,CALIXTO,23,134.73,21032
*03eet*,Yoan Moncada,3B,99 prob,26,138.03,17232
*03et8*,Ranger Suarez,"SP,RP",La Maqui,26,140.28,17277
*005ih*,Clayton Kershaw,SP,Scavenge,33,142.67,2036
*03atq*,Willy Adames,SS,sfernand,26,142.67,15986
*02hg4*,Marcus Stroman,SP,sfernand,30,144.67,13431
*03de9*,Rhys Hoskins,1B,METS,28,145.46,16472
*01seb*,Robbie Grossman,OF,Pinstrip,32,146.33,5254
*01svz*,Kenley Jansen,RP,SLG,34,146.87,3096
*029si*,Eduardo Rodriguez,SP,Scavenge,28,147.73,13164
*02bsw*,Mike Clevinger,SP,Pinstrip,31,150.09,12808
*00031*,Joey Votto,1B,miche,38,150.27,4314
*03ab0*,Luis Severino,RP,miche,27,150.28,15890
*000wm*,Adam Wainwright,SP,METS,40,150.54,2233
*03nri*,Lourdes Gurriel Jr.,OF,Canha Ge,28,150.59,19238
*041mc*,Dylan Carlson,OF,miche,23,152.26,20126
*03oh0*,Willson Contreras,C,Hit,29,153.65,11609
*03d6s*,Matt Chapman,3B,Pinstrip,28,154.73,16505
*04ptt*,Tarik Skubal,SP,La Maqui,25,154.82,22267
*031t0*,Gleyber Torres,SS,Pinstrip,25,156.69,16997
*02u47*,Chris Taylor,"2B,SS,OF",SLG,31,157,13757
*02bq4*,C.J. Cron,1B,Canha Ge,32,157.06,12546
*0260v*,Sonny Gray,SP,Hit,32,157.5,12768
*02z0t*,Michael Conforto,OF,lasmimis,28,160.72,16376
*03022*,Hunter Renfroe,OF,Canha Ge,29,160.99,15464
*03di6*,Jordan Romano,RP,Canha Ge,28,161.54,16122
*03d7g*,Alex Verdugo,OF,99 prob,25,162.08,17027
*03qqb*,Myles Straw,OF,FA,27,163.77,17620
*026lz*,Josh Bell,1B,Hit,29,165.09,13145
*03pji*,Ke'Bryan Hayes,3B,Hit,24,167.08,18577
*03lua*,Brendan Rodgers,"2B,SS",99 prob,25,168.04,17907
*03d6v*,Michael Kopech,RP,lasmimis,25,168.46,17282
*04aq4*,Adolis Garcia,OF,La Maqui,28,171.04,19287
*01lum*,Justin Turner,3B,CALIXTO,37,172.13,5235
*01skh*,Will Smith,RP,Pinstrip,32,174.63,8048
*02xik*,Hyun Jin Ryu,SP,Canha Ge,34,174.86,14444
*02i11*,Jorge Soler,OF,sfernand,29,175.14,14221
*03amq*,German Marquez,SP,sfernand,26,175.68,15038
*0440h*,Jose Urquidy,SP,Canha Ge,26,176,18413
*041qi*,Akil Baddoo,OF,lasmimis,23,178.05,22168
*03djk*,Tanner Houck,SP,lasmimis,25,178.71,19879
*03nmw*,Ian Happ,OF,miche,27,178.86,17919
*04si2*,Andrew Vaughn,OF,SLG,23,180.69,26197
*0001d*,Nelson Cruz,UT,SLG,41,180.99,2434
*0310n*,Ryan McMahon,"2B,3B",METS,27,185.44,15112
*03whq*,Ty France,"1B,2B",La Maqui,27,188.82,17982
*025ew*,Noah Syndergaard,SP,lasmimis,29,188.82,11762
*01urw*,Avisail Garcia,OF,SLG,30,189.9,5760
*03o43*,Luis Urias,"2B,3B,SS",miche,24,190.92,16622
*04q2n*,Adley Rutschman,C,Hit,23,192.99,sa3011643
*03gl9*,Huascar Ynoa,SP,lasmimis,23,194.35,20468
*02mwv*,Alex Wood,SP,CALIXTO,31,194.53,13781
*02jh6*,Eugenio Suarez,"3B,SS",Scavenge,30,195.5,12552
*03dim*,John Means,SP,Canha Ge,28,195.77,16269
*01sdl*,Brandon Crawford,SS,99 prob,34,196.68,5343
*04mlf*,Casey Mize,SP,Pinstrip,24,196.81,20492
*03qpi*,Patrick Sandoval,SP,miche,25,196.81,19447
*01sea*,Anthony Rizzo,1B,99 prob,32,197.62,3473
*03mul*,Giovanny Gallegos,RP,Canha Ge,30,198.12,14986
*02but*,Anthony DeSclafani,SP,METS,31,198.19,13050
*02yh5*,Amed Rosario,SS,CALIXTO,26,198.27,15518
*041qr*,Aaron Civale,SP,sfernand,26,198.71,19479
*04ps7*,Joe Ryan,SP,Canha Ge,25,199.71,21390
*03dbo*,Jordan Montgomery,SP,99 prob,29,200.53,16511
*01scl*,Craig Kimbrel,RP,CALIXTO,33,200.95,6655
*03pix*,Tyler Stephenson,"C,1B",sfernand,25,202.54,17988
*03pon*,Triston McKenzie,SP,miche,24,203.53,18000
*026m0*,Kolten Wong,2B,METS,31,204.54,12532
*03pdw*,Andrew Benintendi,OF,METS,27,204.9,17901
*041xv*,Nate Lowe,1B,Scavenge,26,206.17,19566
*041qs*,Austin Hays,OF,lasmimis,26,206.24,19363
*01c5s*,Buster Posey,C,miche,34,206.38,9166
*031c4*,Trey Mancini,1B,METS,29,208.18,15149
*041m2*,Alex Kirilloff,"1B,OF",Canha Ge,24,208.45,20325
*03yxh*,Cal Quantrill,"SP,RP",La Maqui,26,209.12,19312
*025eo*,Mark Canha,OF,99 prob,32,209.86,11445
*041ai*,Gavin Lux,"2B,SS",miche,24,211.15,19955
*03dp8*,Ramon Laureano,OF,FA,27,214.22,17128
*027ow*,Adam Duvall,OF,Pinstrip,33,219.05,10950
*01suo*,Jean Segura,2B,Scavenge,31,221.13,5933
*04aee*,Jo Adell,OF,CALIXTO,22,222.62,20220
*01uwk*,Brandon Belt,1B,SLG,33,224.21,10264
*01cyw*,Mark Melancon,RP,CALIXTO,36,224.27,4264
*03rmz*,Keibert Ruiz,C,miche,23,224.86,19610
*025f7*,Eddie Rosario,OF,La Maqui,30,225.13,12155
*01sjg*,Josh Donaldson,3B,miche,36,226.18,5038
*02bwg*,Kyle Hendricks,SP,Pinstrip,32,227.23,12049
*02bxv*,Jon Gray,SP,Hit,30,227.77,14916
*03zlh*,Oneil Cruz,SS,FA,23,229.18,sa917318
*04ew7*,Aaron Ashby,RP,Canha Ge,23,229.29,23550
*0440n*,Sixto Sanchez,SP,sfernand,23,229.36,19680
*01sge*,Charlie Blackmon,OF,lasmimis,35,230.24,7859
*01cil*,Michael Brantley,OF,sfernand,34,231.03,4106
*02h98*,Enrique Hernandez,"2B,OF",METS,30,231.26,10472
*025hm*,Trevor Bauer,SP,Hit,30,234.09,12703
*04pn3*,Josiah Gray,SP,METS,24,235.59,24580
*021n3*,Eduardo Escobar,"2B,3B",Pinstrip,33,235.87,6153
*03nru*,Jesus Sanchez,OF,METS,24,236.97,19913
*01s8p*,AJ Pollock,OF,Scavenge,34,238.31,9256
*04eqa*,Garrett Whitlock,RP,lasmimis,25,238.96,20191
*04k0w*,Camilo Doval,RP,lasmimis,24,240.5,21992
*031f9*,Frank Schwindel,1B,lasmimis,29,242.85,15351
*031dw*,Mike Yastrzemski,OF,FA,31,245.85,14854
*02bq2*,Brandon Nimmo,OF,La Maqui,28,249.32,12927
*04t3y*,Alejandro Kirk,C,METS,23,251.43,22581
*01sfj*,Kyle Seager,3B,sfernand,34,251.58,9785
*04eee*,Drew Rasmussen,"SP,RP",Hit,26,251.87,25385
*025jv*,Yuli Gurriel,1B,La Maqui,37,252.1,19198
*03qjv*,Harrison Bader,OF,FA,27,252.47,18030
*041se*,Abraham Toro,"2B,3B",FA,25,253.2,19844
*04fhb*,Julio Rodriguez,OF,miche,21,255.16,sa3005720
*04oct*,Josh Rojas,"2B,SS,OF",FA,27,255.78,19734
*02h8d*,Steven Matz,SP,W (Thu),30,255.82,13361
*041sg*,Nicky Lopez,SS,99 prob,26,256.24,19339
*045kb*,Cristian Javier,"SP,RP",La Maqui,24,257.2,17606
*025g7*,Jonathan Schoop,"1B,2B",Scavenge,30,258.25,11265
*01t9q*,Gary Sanchez,C,FA,29,259.08,11442
*02i12*,Mike Zunino,C,SLG,30,259.44,13265
*03qu7*,Nick Madrigal,2B,METS,24,259.53,20521
*03z62*,Bobby Dalbec,1B,SLG,26,259.82,19966
*041v6*,Tony Gonsolin,SP,Hit,27,260.17,19388
*041wu*,Zach Plesac,SP,Pinstrip,26,260.69,19979
*01srb*,Jameson Taillon,SP,miche,30,260.76,11674
*027fx*,Jeimer Candelario,3B,Scavenge,28,260.89,13621
*041r1*,Jesus Luzardo,SP,METS,24,261.49,19959
*03111*,Marco Gonzales,SP,FA,29,263.28,15467
*01as6*,Carlos Carrasco,SP,sfernand,34,265.68,6632
*032pz*,Raimel Tapia,OF,FA,27,269.66,14350
*04mn5*,Alec Bohm,3B,lasmimis,25,270.44,21618
*04yk2*,Spencer Torkelson,3B,Pinstrip,22,270.96,sa3014504
*03199*,Luke Voit,1B,La Maqui,30,271.03,14811
*03dei*,Lane Thomas,OF,METS,26,271.51,16939
*03aqz*,Adbert Alzolay,"SP,RP",Canha Ge,26,271.88,17859
*02w16*,Anthony Santander,OF,Pinstrip,27,271.95,14551
*01c1g*,Andrew McCutchen,OF,SLG,35,272.58,9847
*025fx*,Tommy Pham,OF,miche,33,273.6,2967
*041rv*,Cavan Biggio,3B,La Maqui,26,273.63,19252
*031ey*,Eric Lauer,SP,sfernand,26,273.97,19316
*02buh*,Scott Barlow,RP,sfernand,29,276.15,14993
*031b3*,Isiah Kiner-Falefa,SS,Hit,26,276.91,16512
*01fha*,Kyle Gibson,SP,FA,34,277.8,10123
*01cdo*,Stephen Strasburg,SP,FA,33,278.29,10131
*04k22*,Luis Patino,SP,sfernand,22,278.51,22815
*01vja*,Max Kepler,OF,Pinstrip,28,279.89,12144
*02bve*,Blake Treinen,RP,SLG,33,279.91,12572
*02bv2*,Eric Haase,"C,OF",FA,29,282.14,14111
*0310z*,J.P. Crawford,SS,FA,27,283.4,15491
*01s9d*,Miguel Sano,1B,sfernand,28,284.82,12164
*03aoy*,Sean Murphy,C,W (Thu),27,285.52,19352
*0317o*,Jeff McNeil,"2B,OF",FA,29,286.12,15362
*02n5v*,Chris Flexen,SP,METS,27,286.8,13896
*0316j*,Nick Pivetta,SP,lasmimis,28,287.84,15454
*01usi*,Marcell Ozuna,OF,FA,31,289.67,10324
*03z61*,Kyle Lewis,OF,lasmimis,26,290.42,19508
*03yx9*,Elieser Hernandez,SP,FA,26,290.85,16933
*02yek*,Alex Reyes,RP,miche,27,290.89,15015
*029us*,Christian Vazquez,C,FA,31,291.95,9774
*03adt*,James Kaprielian,SP,La Maqui,27,293.01,18331
*01seh*,Alex Cobb,SP,SLG,34,293.19,6562
*01s9f*,Wil Myers,OF,La Maqui,31,293.96,10047
*025dq*,Taijuan Walker,SP,METS,29,294.99,11836
*031cd*,Mitch Garver,C,SLG,30,295.55,15161
*04aqc*,David Bednar,RP,lasmimis,27,296.06,19569
*0429m*,Joe Barlow,RP,Hit,26,298.63,22296
*04aok*,Gregory Soto,RP,Scavenge,26,299.23,19677
*04ywk*,Tylor Megill,SP,W (Mon),26,299.62,21318
*03yxd*,Vidal Brujan,2B,miche,23,300.16,20536
*04y44*,Josh Jung,3B,Hit,23,301.03,sa3011468
*03bin*,Nestor Cortes Jr.,"SP,RP",99 prob,27,302.08,17874
*02mws*,Patrick Wisdom,3B,Pinstrip,30,303.56,13602
*0310k*,Corey Knebel,RP,SLG,30,304.61,15010
*041qk*,Garrett Hampson,"2B,OF",FA,27,304.65,19262
*01s99*,Travis d'Arnaud,C,FA,32,306.25,7739
*02n3l*,Taylor Rogers,RP,miche,31,306.26,13449
*03qne*,Chris Paddack,SP,Scavenge,26,308.64,20099
*0425t*,Bailey Ober,SP,Canha Ge,26,308.71,21224
*03qlw*,David Fletcher,"2B,SS",sfernand,27,311.67,17992
*03pzn*,Andres Gimenez,"2B,SS",FA,23,312.43,19950
*0316t*,Adam Frazier,2B,99 prob,30,314.46,15223
*0005k*,Zack Greinke,SP,Canha Ge,38,315.06,1943
*02hhd*,Dylan Floro,RP,Canha Ge,31,315.43,13394
*043f8*,Omar Narvaez,C,99 prob,29,316.26,13338
*04mn4*,Joey Bart,C,lasmimis,25,316.26,21524
*02n2x*,Paul Sewald,RP,La Maqui,31,316.85,13892
*025gz*,Cesar Hernandez,2B,sfernand,31,317.44,10556
*022vt*,Rafael Ortega,OF,FA,30,317.71,10323
*041q8*,Brandon Marsh,OF,lasmimis,24,319.57,20202
*03d6y*,Connor Joe,OF,SLG,29,320.4,16572
*02jhn*,Jesus Aguilar,1B,99 prob,31,320.95,11342
*0311c*,Devin Williams,RP,99 prob,27,321.87,15816
*025gy*,Jonathan Villar,"3B,SS",METS,30,322.89,10071
*03qo2*,LaMonte Wade Jr.,"1B,OF",SLG,28,324.04,18126
*04nb2*,Riley Greene,OF,Pinstrip,21,327.17,sa3010694
*026rz*,Gio Urshela,"3B,SS",Hit,30,328.93,10681
*02mxf*,Carson Kelly,C,La Maqui,27,329.04,13620
*01z34*,Corey Kluber,SP,W (Wed),35,330.58,2429
*01sev*,Wade Miley,SP,lasmimis,35,331.06,8779
*041m9*,Dane Dunning,SP,miche,27,331.47,19409
*03ry2*,Dinelson Lamet,"SP,RP",Pinstrip,29,333.16,17186
*01t5w*,Miguel Rojas,SS,FA,32,334.52,7802
*041q1*,Nick Solak,2B,FA,27,335.63,19294
*01s9c*,Randal Grichuk,OF,Pinstrip,30,337.06,10243
*04pkr*,Nico Hoerner,2B,La Maqui,24,338.49,21479
*04n0k*,Carlos Hernandez,"SP,RP",FA,24,338.7,22713
*0260w*,Matt Barnes,RP,La Maqui,31,339.34,12863
*03zc9*,Nick Senzel,OF,FA,26,340.57,19293
*01avv*,Jake McGee,RP,99 prob,35,341.89,7550
*03fhx*,Elias Diaz,C,FA,31,342.07,11680
*01xfr*,Patrick Corbin,SP,FA,32,342.96,9323
*04ggi*,Andrew Kittredge,RP,99 prob,31,345.39,12828
*01cfp*,Eric Hosmer,1B,Hit,32,345.53,3516
*02bvf*,Ken Giles,RP,FA,31,345.58,12910
*02brc*,Adrian Houser,SP,Hit,28,346.74,12718
*02mw7*,Lucas Sims,RP,99 prob,27,347.52,13470
*04alq*,Pavin Smith,"1B,OF",lasmimis,25,348.84,19892
*02mwq*,Zach Eflin,SP,Hit,27,349.61,13774
*01c2r*,Mike Moustakas,3B,Hit,33,350.63,4892
*02bqj*,Michael Fulmer,RP,CALIXTO,28,352,13218
*02z96*,Dominic Smith,OF,FA,26,352.47,15653
*01sc7*,Max Stassi,C,Canha Ge,30,352.8,10059
*0315r*,Willie Calhoun,OF,FA,27,353.54,17838
*03mew*,Luis Arraez,"2B,3B,OF",Canha Ge,24,353.78,18568
*000d8*,Yadier Molina,C,FA,39,354.49,7007
*031d9*,Lou Trivino,RP,CALIXTO,30,354.68,15043
*03108*,Hunter Dozier,"3B,OF",miche,30,355.96,15117
*03pov*,Brady Singer,SP,Scavenge,25,358.72,25377
*02mzu*,Joey Wendle,"3B,SS",FA,31,359.93,13853
*04pst*,Jarren Duran,OF,Canha Ge,25,359.94,24617
*02mv0*,Andrew Heaney,SP,W (Thu),30,360.19,15423
*0596g*,Reid Detmers,SP,Canha Ge,22,361.59,27468
*01cfr*,Carlos Santana,1B,FA,35,363.22,2396
*031el*,Danny Jansen,C,Scavenge,26,363.48,16535
*04s1h*,Luis Gil,SP,lasmimis,23,363.93,21052
*04aea*,Hunter Greene,SP,99 prob,22,364.1,sa3005315
*02j2u*,Tyler Naquin,OF,sfernand,30,365.96,13359
*02c63*,Brian Anderson,3B,FA,28,367.41,18289
*02bra*,James McCann,C,FA,31,367.88,12859
*032gq*,Rowdy Tellez,1B,FA,26,368.49,15679
*02mzc*,Austin Nola,C,FA,32,369.22,15941
*03pp2*,Josh Staumont,RP,lasmimis,28,371.02,18335
*03db4*,Jonathan Loaisiga,RP,sfernand,27,372.52,19753
*04eec*,Nate Pearson,RP,Hit,25,373.57,20160
*03bud*,Bryan De La Cruz,OF,La Maqui,25,373.94,19600
*041m1*,Matt Manning,SP,FA,23,373.99,20369
*04dwv*,Jose Barrero,SS,CALIXTO,23,374.12,23378
*04eej*,Gavin Sheets,UT,SLG,25,374.22,19901
*05ajg*,Ha-seong Kim,"2B,3B,SS",FA,26,374.31,27506
*02i3d*,Manuel Margot,OF,FA,27,375.38,14712
*03qml*,Dylan Moore,"2B,OF",FA,29,376.14,18042
*03m6o*,Yandy Diaz,"1B,3B",99 prob,30,376.65,16578
*041ah*,Josh Lowe,OF,SLG,23,376.8,sa917926
*02c5l*,Luke Weaver,SP,99 prob,28,376.81,16918
*04ali*,Edward Cabrera,SP,METS,23,378.83,sa920423
*03qs6*,Sam Hilliard,OF,FA,27,380.86,17954
*02j7h*,Jacob Stallings,C,FA,32,380.93,13723
*04ejp*,James Karinchak,RP,La Maqui,26,381.41,20151
*01ut0*,Didi Gregorius,SS,FA,31,382.08,6012
*041md*,Dakota Hudson,"SP,RP",Scavenge,27,383,19206
*02n1f*,Drew Steckenrider,RP,99 prob,31,383.71,18806
*02hj7*,Merrill Kelly,SP,FA,33,384.82,11156
*041me*,Diego Castillo,RP,SLG,27,384.98,17496
*01cdg*,Madison Bumgarner,SP,FA,32,385.3,5524
*01sej*,Mike Minor,SP,FA,34,386.72,10021
*04b84*,Yoshi Tsutsugo,"1B,OF",W (Sat),30,387.04,27459
*02hq8*,Rowan Wick,RP,SLG,29,388.47,14646
*03pp7*,Tanner Rainey,RP,FA,29,389.13,17610
*02bu2*,J.D. Davis,3B,FA,28,390.48,16219
*041ru*,Cole Irvin,SP,FA,27,390.69,19244
*01cgt*,Wilmer Flores,"1B,2B,3B",CALIXTO,30,390.79,5827
*01c5f*,Lorenzo Cain,OF,FA,35,392.57,9077
*04pmb*,Kris Bubic,"SP,RP",lasmimis,24,393.13,21455
*000y3*,Ian Kennedy,RP,sfernand,37,396.29,6986
*04b3a*,Roansy Contreras,SP,W (Mon),22,397.08,22810
*0374o*,Chad Green,RP,miche,30,398.5,15552
*03c97*,Domingo German,SP,99 prob,29,399.36,17149
*0423e*,Anthony Bender,RP,lasmimis,26,399.73,19742
*02mw3*,Christian Walker,1B,Scavenge,30,400.42,13419
*004e1*,Evan Longoria,3B,SLG,36,401.98,9368
*02h9j*,Michael A. Taylor,OF,FA,30,402.6,11489
*02nqg*,Luis Torrens,C,FA,25,403.15,15905
*04de0*,Ramon Urias,"2B,SS",SLG,27,405.91,18795
*031b8*,Tony Kemp,"2B,OF",FA,30,406,14894
*022vw*,Tucker Barnhart,C,FA,31,406.29,10200
*025iy*,Jorge Alfaro,"C,OF",FA,28,406.44,12180
*03qkh*,Paul DeJong,SS,FA,28,410.18,18015
*03daq*,Bobby Bradley,1B,FA,25,410.26,17278
*02mx2*,Tyrone Taylor,OF,FA,27,411.58,13675
*0312h*,Kyle Farmer,SS,FA,31,411.62,14813
*05a2d*,Max Meyer,"SP,RP",CALIXTO,22,411.78,sa3014430
*024o9*,Yan Gomes,C,W (Fri),34,412.07,9627
*01cgr*,Aaron Hicks,OF,FA,32,412.35,5297
*03a95*,Francisco Mejia,C,FA,26,413.15,16403
*0414g*,Luis Garcia,2B,FA,21,413.53,20391
*04nky*,Trevor Larnach,OF,lasmimis,24,413.63,21501
*02h9r*,Miles Mikolas,SP,FA,33,414.08,9803
*02zoa*,Antonio Senzatela,SP,FA,26,414.11,15488
*03pjf*,Mike Soroka,SP,METS,24,414.88,18383
*03c65*,Victor Robles,OF,W (Mon),24,415.1,18363
*0269b*,Dylan Bundy,SP,W (Sat),29,415.63,12917
*04esz*,Chas McCormick,OF,FA,26,418.46,19599
*031bl*,Kyle Finnegan,RP,Canha Ge,30,420.06,15009
*0008c*,Rich Hill,SP,Hit,41,421.13,4806
*01h4f*,Jake Odorizzi,SP,Pinstrip,31,422.27,6397
*03b6k*,Jorge Mateo,OF,FA,26,423.57,17273
*04ai4*,Nolan Gorman,3B,CALIXTO,21,424.51,sa3007017
*026mq*,Tyler Anderson,SP,Hit,32,426.03,12880
*0240y*,Kole Calhoun,OF,W (Wed),34,427.17,11200
*03dbe*,Austin Gomber,SP,FA,28,430,16561
*04pmu*,Ryan Jeffers,C,FA,24,430,24618
*041m8*,Carter Kieboom,3B,FA,24,430.85,19958
*03nqc*,Jose Suarez,"SP,RP",FA,24,432.35,19911
*03qm8*,JT Brubaker,SP,Hit,28,432.95,17578
*04e82*,Keston Hiura,1B,W (Mon),25,433.38,20003
*03pzo*,Leody Taveras,OF,FA,23,435.25,18900
*04pma*,Daniel Lynch,SP,FA,25,436.28,21537
*03ca3*,Kyle Freeland,SP,FA,28,436.79,16256
*03c8v*,Bradley Zimmer,OF,FA,29,437.8,16221
*03128*,Garrett Cooper,OF,FA,31,437.81,15279
*03d1m*,David Peralta,OF,FA,34,438.64,2136
*02yoh*,Clint Frazier,OF,W (Fri),27,438.88,15983
*04emt*,Jake Meyers,OF,W (Tue),25,439.75,20308
*02zpf*,Edmundo Sosa,"2B,SS",FA,25,442.87,17022
*02iug*,Michael Wacha,SP,METS,30,443.02,14078
*041q4*,Kyle Muller,SP,Pinstrip,24,444.2,20167
*031c2*,Kendall Graveman,RP,CALIXTO,31,444.37,15514
*03vcw*,Jordan Hicks,RP,FA,25,444.93,19618
*031hc*,Cole Sulser,RP,Hit,31,446.45,15256
*00068*,Robinson Cano,2B,FA,39,447.11,3269
*03h90*,Hector Neris,RP,Scavenge,32,448.73,11804
*0007c*,Miguel Cabrera,1B,FA,38,451,1744
*04ppo*,Kyle Isbel,OF,FA,24,451.56,21614
*0473n*,Tyler A. Wells,RP,FA,27,452.97,20000
*0374m*,Tyler Rogers,RP,99 prob,31,453.53,15541
*01spl*,Jurickson Profar,"1B,OF",FA,28,453.7,10815
*0314j*,Ryan Yarbrough,"SP,RP",Hit,30,454,16502
*02bvq*,Tommy La Stella,2B,FA,32,456.46,12371
*0414k*,Seth Beer,UT,SLG,25,457.22,sa3006658
*04225*,Tucker Davidson,SP,METS,25,457.94,19871
*04eeu*,Spencer Howard,SP,FA,25,461.29,23252
*01sk9*,Alex Colome,RP,CALIXTO,33,461.54,6661
*03qvr*,Seth Brown,OF,FA,29,463.07,18171
*02hh7*,Darin Ruf,"1B,OF",SLG,35,463.81,9929
*026ly*,Rougned Odor,"2B,3B",W (Fri),27,466.13,12282
*041r5*,Dustin May,SP,FA,24,466.35,19716
*031ui*,Lewin Diaz,1B,FA,25,466.62,18365
*041ps*,Nick Lodolo,SP,99 prob,23,468.63,sa917947
*03mmw*,Vladimir Gutierrez,SP,FA,26,469.64,19278
*04qk8*,CJ Abrams,SS,miche,21,471.83,sa3010152
*03i81*,Reynaldo Lopez,"SP,RP",FA,28,472.59,16400
*03de5*,Zach Thompson,"SP,RP",FA,28,473.36,16094
*03mnq*,Carlos Estevez,RP,La Maqui,29,473.93,14542
*031b2*,Jonah Heim,C,FA,26,475.13,16930
*03btu*,Willi Castro,"2B,SS",FA,24,475.15,17338
*04c8q*,Edward Olivares,OF,W (Mon),25,478.55,19698
*01sil*,Danny Duffy,SP,METS,33,480.16,3542
*0001p*,Justin Upton,OF,FA,34,480.67,5222
*0241r*,Brad Hand,RP,METS,31,481,9111
*03dg7*,Austin Slater,OF,FA,29,482,16153
*03mm4*,Andy Ibanez,2B,FA,28,483.04,18819
*039vx*,Jose Siri,OF,99 prob,26,483.22,17452
*03d7h*,Mitch Keller,SP,FA,25,483.62,17594
*04egl*,Glenn Otto,SP,W (Mon),25,484.18,21366
*0421l*,Sam Long,SP,W (Mon),26,484.63,25379
*02mw1*,Chris Stratton,RP,Pinstrip,31,484.71,13761
*021oi*,Leury Garcia,"2B,OF",CALIXTO,30,486.42,5913
*05ajh*,Garrett Crochet,RP,FA,22,486.69,27463
*030vs*,Kirby Yates,RP,W (Thu),34,488.42,9073
*01gjf*,Jordan Lyles,SP,Hit,31,488.83,7593
*04pt2*,Lars Nootbaar,OF,FA,24,489.9,21454
*03ap0*,Pedro Severino,C,W (Wed),28,490.41,14523
*04my4*,Cal Raleigh,C,FA,25,490.95,21534
*041qd*,Jake Fraley,OF,FA,26,491.16,19260
*04eiw*,Eli Morgan,SP,FA,25,491.66,20203
*026l2*,Colin Moran,1B,La Maqui,29,493,16909
*02hy2*,Collin McHugh,"SP,RP",99 prob,34,493.88,7531
*02br3*,Nick Ahmed,SS,FA,31,495.31,12147
*04prq*,Codi Heuer,RP,Pinstrip,25,497.31,23293
*03c7z*,Nick Gordon,OF,FA,26,497.82,16337
*04ata*,Jorge Alcala,RP,FA,26,498.29,19459
*0312l*,Brad Keller,SP,FA,26,500.37,15734
*04cd5*,MacKenzie Gore,SP,Canha Ge,22,501.33,sa3005068
*02t8m*,Tom Murphy,C,FA,30,502.37,13499
*02bwr*,Ross Stripling,SP,FA,32,504.4,13273
*01bv1*,Elvis Andrus,SS,FA,33,508.27,8709
*01z83*,Dallas Keuchel,SP,FA,34,509.06,9434
*03zbj*,Brusdar Graterol,RP,FA,23,509.42,20367
*02hdy*,Pierce Johnson,RP,La Maqui,30,509.9,13435
*01iz0*,Tyler Matzek,RP,FA,31,511.5,10058
*02bq6*,Joe Ross,SP,FA,28,514.44,12972
*03yso*,A.J. Puk,RP,La Maqui,26,521.51,19343
*03pjd*,Josh Naylor,OF,FA,24,521.74,18839
*0403o*,Andres Munoz,RP,FA,22,522.03,20373
*02nc0*,Taylor Hearn,"SP,RP",METS,27,522.33,18325
*02c4r*,Jon Berti,"2B,3B",FA,31,523.54,12037
*04mlg*,Jackson Kowar,SP,CALIXTO,25,525.4,21549
*04071*,Isaac Paredes,2B,FA,22,525.63,20036
*02z93*,Kenta Maeda,SP,FA,33,526.55,18498
*04mnw*,Ryan Weathers,"SP,RP",W (Mon),22,527.18,23796
*03d6n*,Erick Fedde,SP,Pinstrip,28,527.54,17425
*03ywd*,Yadiel Hernandez,OF,FA,34,531.59,19334
*02hir*,Michael Lorenzen,RP,Canha Ge,30,532.56,14843
*041vp*,Santiago Espinal,3B,FA,27,533,19997
*025jm*,Ji-Man Choi,1B,FA,30,534.07,5452
*025l2*,James Paxton,SP,W (Tue),33,534.72,11828
*041tq*,Sam Huff,C,W (Mon),23,535.9,22209
*03deg*,Justin Steele,"SP,RP",FA,26,536.21,17312
*04eek*,Griffin Canning,SP,W (Mon),25,536.47,19867
*02k19*,Oscar Mercado,OF,FA,27,536.71,16375
*031b4*,Tyler Wade,"3B,SS,OF",W (Thu),27,538.38,15730
*04eep*,Luis Campusano,C,W (Mon),23,539.15,22217
*02brl*,Brad Miller,"1B,OF",SLG,32,540.65,12775
*03qlr*,Edwin Rios,1B,FA,27,540.87,18316
*041q6*,Nolan Jones,3B,W (Mon),23,541.53,sa917941
*0381o*,Kevin Kiermaier,OF,FA,31,543.23,11038
*02btx*,Tyler Glasnow,SP,Pinstrip,28,543.92,14374
*01s9a*,Trevor May,RP,99 prob,32,544.62,6398
*0310e*,Christian Arroyo,2B,FA,26,546.03,16434
*04aeb*,Royce Lewis,SS,Scavenge,22,546.36,sa3004259
*02i3m*,Harold Ramirez,OF,W (Thu),27,546.87,14387
*021t6*,Martin Maldonado,C,FA,35,549.41,6887
*013ub*,Alcides Escobar,SS,FA,35,553.48,6310
*02my8*,Anthony Alford,OF,FA,27,554.17,14329
*04bpk*,Evan White,1B,FA,25,558.13,20078
*02bqo*,Jace Peterson,"1B,2B,OF",SLG,31,563.44,12325
*03xlc*,Cristian Pache,OF,W (Thu),23,563.59,19948
*02yog*,Touki Toussaint,SP,W (Thu),25,563.88,16929
*02nbq*,Alec Mills,"SP,RP",FA,30,564.33,13834
*025ho*,Jackie Bradley Jr.,OF,FA,31,566.68,12984
*03d6r*,Cole Tucker,SS,FA,25,568.43,17326
*041pq*,Taylor Trammell,OF,Scavenge,24,568.53,19960
*03deo*,Julian Merryweather,RP,99 prob,30,568.88,16703
*02n8i*,David Bote,"2B,3B",FA,28,568.93,14593
*031fh*,Adam Engel,OF,FA,30,569.24,15082
*03d6t*,Michael Chavis,2B,FA,26,569.91,17321
*04yin*,Yonny Hernandez,3B,FA,23,570.9,19432
*03qm3*,Tyler Gilbert,SP,Scavenge,28,572.06,17964
*041m4*,Justin Dunn,SP,FA,26,574.53,19268
*0316b*,Mike Mayers,RP,FA,30,575.35,15451
*02i3l*,Miguel Andujar,OF,FA,26,575.62,15878
*0311f*,Victor Caratini,C,FA,28,579,14968
*03125*,Dom Nunez,C,FA,26,580.19,15055
*03cav*,Brent Suter,RP,FA,32,581.04,13942
*03160*,Chad Pinder,OF,FA,29,581.52,15191
*03btm*,Jose Alvarado,RP,Scavenge,26,582.43,17780
*031cy*,Emilio Pagan,RP,FA,30,585.73,14771
*04ppl*,Owen Miller,2B,FA,25,585.8,24655
*04e2u*,Brent Rooker,OF,FA,27,586.2,19627
*03yrz*,William Contreras,C,FA,24,587.23,20503
*02bx4*,Clay Holmes,RP,Pinstrip,28,587.26,13649
*02yxb*,Paolo Espino,"SP,RP",FA,35,587.3,8246
*02zm9*,Victor Reyes,OF,FA,27,588.26,15487
*041x6*,Taylor Widener,"SP,RP",FA,27,589.19,19266
*02y8t*,Aledmys Diaz,3B,FA,31,591.04,15937
*004e4*,David Price,"SP,RP",FA,36,591.45,3184
*03753*,Caleb Smith,"SP,RP",FA,30,592.34,14875
*03dpn*,J.P. Feyereisen,RP,FA,28,592.96,16610
*03qpz*,Matt Beaty,"1B,OF",FA,28,593.82,17710
*021wh*,Roberto Perez,C,W (Fri),33,595.74,2900
*01usr*,Kyle Higashioka,C,FA,31,595.92,5517
*04y95*,JJ Bleday,OF,Pinstrip,24,596.6,sa3011642
*01u5m*,Manny Pina,C,W (Fri),34,597.65,2829
*02han*,Aaron Loup,RP,Pinstrip,34,598.45,10343
*02bq5*,Tyler Beede,RP,W (Fri),28,598.71,16981
*025kd*,Jose Quintana,"SP,RP",W (Wed),32,599.45,11423
*04aed*,Kyle Wright,SP,W (Mon),26,600.13,19665
*01fd0*,Daniel Hudson,RP,Pinstrip,34,601.75,7146
*02mzd*,Tyler Duffey,RP,FA,31,602.24,13758
*03pj2*,Kevin Newman,SS,FA,28,603.4,17696
*03mnn*,Richard Rodriguez,RP,Scavenge,31,603.91,13549
*039si*,Yu Chang,"1B,3B",FA,26,605.35,14773
*02n4q*,J.B. Wendelken,RP,FA,28,606.37,14506
*03c9c*,Justus Sheffield,SP,W (Mon),25,606.52,17285
*02i3x*,Amir Garrett,RP,FA,29,609.43,14375
*041rk*,Colton Welker,3B,FA,24,609.92,sa917962
*04ee8*,Heliot Ramos,OF,W (Mon),22,610,sa3004693
*03drc*,Aaron Bummer,RP,sfernand,28,610.14,16258
*0429o*,A.J. Alexy,SP,METS,23,611.57,22343
*02z0e*,Yimi Garcia,RP,La Maqui,31,614.58,12095
*03ql8*,Bailey Falter,RP,FA,24,615.96,20070
*02mwl*,Kevin Plawecki,C,FA,30,619.27,13807
*04egq*,Josh Fleming,"SP,RP",FA,25,619.46,20418
*03nqg*,Kolby Allard,"SP,RP",FA,24,619.54,18694
*02zg5*,Daz Cameron,OF,FA,24,619.64,18353
*041pp*,Daulton Jefferies,RP,sfernand,26,619.86,19345
*04eeg*,Jeter Downs,SS,W (Mon),23,620.35,sa3004615
*04ee7*,Clarke Schmidt,"SP,RP",lasmimis,25,621.58,19899
*03aqw*,Mauricio Dubon,"2B,SS,OF",W (Mon),27,621.88,16530
*04bpj*,Taylor Walls,SS,W (Mon),25,622.73,22458
*01ucb*,Drew Pomeranz,RP,Hit,33,623,11426
*0376h*,Tyler Alexander,"SP,RP",FA,27,623.15,17735
*01c5o*,Jason Heyward,OF,FA,32,624.62,4940
*02bqd*,Andrew Chafin,RP,sfernand,31,625.78,12988
*0473m*,Zach McKinstry,"2B,OF",W (Mon),26,626.13,19392
*01sik*,Brad Boxberger,RP,SLG,33,628.91,10133
*02bwt*,Austin Barnes,C,FA,32,631.71,12158
*03df0*,Jose Trevino,C,FA,29,632,16725
*05249*,Austin Martin,"SS,OF",lasmimis,22,633.89,sa3014454
*03d7m*,Brent Honeywell Jr.,SP,METS,26,634.2,16466
*01cg1*,Daniel Bard,RP,FA,36,634.42,7115
*02hgr*,Ryan Tepera,RP,sfernand,34,635.48,10291
*02brk*,Austin Hedges,C,FA,29,635.68,12976
*01sex*,Mychal Givens,RP,La Maqui,31,637.4,10430
*03yug*,Zack Collins,C,FA,26,640.24,19181
*02mzx*,Brett Phillips,OF,FA,27,640.42,14735
*0429h*,Bryse Wilson,SP,FA,24,642.19,19990
*041qa*,Mitch White,RP,W (Mon),27,647.18,19225
*01cde*,Jason Castro,C,FA,34,648.4,8722
*03sef*,Seth Lugo,RP,Pinstrip,32,649.33,12447
*04azt*,Riley Adams,C,FA,25,649.43,19864
*03atj*,Aristides Aquino,OF,FA,27,651.83,15482
*04ylg*,Mike Brosseau,"2B,3B",W (Mon),27,651.95,19683
*02hka*,Ben Gamel,OF,FA,29,652.2,12160
*03dez*,Greg Allen,OF,W (Mon),28,653.26,16623
*04azv*,Jake Burger,3B,W (Mon),25,655.13,22275
*03poq*,Tony Santillan,RP,FA,24,656.36,19926
*03aab*,Steven Duggar,OF,FA,28,661.57,17719
*03mwy*,Yonathan Daza,OF,FA,27,662.08,15794
*0406o*,Deivi Garcia,SP,miche,22,663.33,20276
*02zma*,Harold Castro,"2B,SS",Scavenge,28,666.1,14691
*04sxl*,Nick Anderson,RP,FA,31,668.95,18337
*02i2r*,Stephen Piscotty,OF,FA,30,669.92,13367
*041ql*,Tom Hatch,SP,FA,27,670.5,19264
*0321h*,Luis Garcia,RP,SLG,34,673.66,6984
*01sfv*,Wily Peralta,SP,99 prob,32,679.53,7738
*02hhj*,Ryne Stanek,RP,Hit,30,679.6,15947
*04p9m*,Josh VanMeter,"2B,3B",FA,26,680.88,15170
*049dt*,Josh James,RP,W (Tue),28,681.52,16794
*03344*,Johan Camargo,"1B,2B,3B",W (Sat),28,682.13,14950
*025ey*,Luke Jackson,RP,FA,30,682.95,11752
*000y0*,J.A. Happ,SP,Scavenge,39,686.48,7410
*03zu0*,Yonny Chirinos,SP,FA,28,686.73,16401
*04q05*,Alex Vesia,RP,METS,25,688.09,25007
*03mky*,Hoy Park,2B,FA,25,689.47,18027
*03d6q*,Derek Hill,OF,FA,26,689.99,16947
*04eer*,Drew Waters,OF,W (Mon),23,690.83,sa3004378
*02bxm*,Curt Casali,C,FA,33,693.31,12510
*01uut*,Dan Straily,SP,FA,33,711.67,9460
*04eg3*,Kevin Smith,3B,W (Mon),25,712.13,20242
*03da6*,Isan Diaz,"2B,3B",W (Mon),25,715.93,17922
*03d75*,Spencer Turnbull,SP,FA,29,716.1,16207
*02brf*,Jorge Lopez,"SP,RP",FA,28,717.67,14527
*040cf*,Genesis Cabrera,RP,Hit,25,723.83,17490
*01vxp*,Brooks Raley,RP,W (Fri),33,725.7,10061
*02bvh*,Matt Wisler,RP,FA,29,727.58,12804
*0423i*,Wil Crowe,SP,FA,27,729.83,19800
*030x2*,Jose Leclerc,RP,FA,28,732.56,14524
*02vmh*,Hansel Robles,RP,Hit,31,736.27,11801
*03dsj*,J.B. Bukauskas,RP,W (Mon),25,739,20491
*0414s*,Yermin Mercedes,UT,W (Mon),28,740.56,17423
*041e3*,Braxton Garrett,SP,W (Mon),24,742,21844
*041wv*,Michael King,"SP,RP",FA,26,754.35,19853
*041t8*,Andrew Knizner,C,FA,26,757.55,19514
*03aaa*,Jarlin Garcia,RP,FA,28,758.2,18282
*04egr*,Bruce Zimmermann,SP,FA,26,758.28,20370
*041sc*,Jordan Balazovic,SP,Scavenge,23,759.35,sa918017
*03aay*,Thairo Estrada,SS,W (Mon),25,761.55,16426
*02mx4*,J.T. Chargois,RP,FA,31,761.78,13767
*03nud*,Kelvin Gutierrez,3B,FA,27,762.28,17468
*03qkr*,Austin Allen,C,W (Mon),27,768.62,18083
*03qnb*,Logan Allen,SP,FA,24,772.01,18555
*03avk*,Luis Rengifo,SS,FA,24,773.46,19858
*04eia*,Jared Oliva,OF,W (Mon),26,775.46,19968
*03pj8*,DJ Stewart,OF,FA,28,783.2,17766
*03qyv*,Jake McCarthy,OF,FA,24,783.54,21622
*03dag*,Jordan Luplow,OF,W (Mon),28,792.78,16424
*031dd*,Tim Mayza,RP,SLG,29,793.46,15042
*03pje*,Taylor Ward,OF,FA,28,794.6,17548
*021iu*,Richard Bleier,RP,FA,34,802.33,7803
*04ek8*,Connor Brogdon,RP,FA,26,804.2,21205
*02nbw*,Tejay Antone,RP,FA,28,805.1,16233
*04coa*,Trevor Richards,RP,FA,28,807.53,19309
*042c1*,Rodolfo Castro,2B,W (Mon),22,810.85,21987
*03ppa*,A.J. Minter,RP,FA,28,810.87,18655
*047sh*,Wandy Peralta,RP,FA,30,812,14295
*0311b*,Trevor Williams,"SP,RP",FA,29,813.01,16977
*02yoi*,Alex Jackson,C,FA,26,818,17276
*03pp9*,Josh Sborz,RP,FA,28,818.77,18323
*025dj*,Anthony Bass,RP,FA,34,830.27,7982
*04afi*,Brendan McKay,SP,sfernand,26,830.67,20186
*04053*,Matt Thaiss,1B,FA,26,832.5,19318
*03dpa*,Jason Vosler,3B,W (Mon),28,833,16686
*04afj*,Corbin Martin,SP,W (Mon),26,834.77,19884
*03vlg*,Jack Mayfield,3B,FA,31,834.8,15402
*03qzx*,Demarcus Evans,RP,W (Mon),25,835.5,21087
*000sw*,Yusmeiro Petit,RP,Scavenge,37,835.9,4020
*03pol*,Jake Woodford,"SP,RP",miche,25,839.43,18674
*02bq7*,Robert Stephenson,RP,FA,28,843.77,13594
*02c5u*,Dillon Peters,SP,FA,29,844.39,18790
*041r6*,Khalil Lee,OF,W (Mon),23,849.73,19952
*03am2*,Luis Cessa,RP,FA,29,850.5,13345
*043r7*,Caleb Ferguson,RP,FA,25,850.5,19349
*03qwa*,Phil Maton,RP,FA,28,851.9,18064
*04auk*,Seranthony Dominguez,RP,FA,27,852.6,19249
*059qm*,Asa Lacy,"SP,RP",Pinstrip,22,854.1,sa3014423
*0317q*,Griffin Jax,SP,FA,27,854.98,20253
*021jb*,Ryan Brasier,RP,FA,34,858.1,5615
*04efc*,Tyler Freeman,SS,W (Mon),22,861.4,sa3004755
*04anu*,Andrew Young,2B,METS,27,864.9,19521
*043pf*,Josh Taylor,RP,METS,28,866,17359
*01di3*,Craig Stammen,RP,FA,37,868.98,7274
*03anj*,Casey Sadler,RP,FA,31,869.5,11209
*03ysq*,Jaime Barria,SP,FA,25,874,18356
*03qqq*,Max Schrock,OF,FA,27,879.77,17750
*03dbs*,Brett Martin,RP,FA,26,880,17369
*02yh9*,Sergio Alcantara,"2B,SS",FA,25,883.3,16417
*032lk*,Sean Newcomb,RP,W (Thu),28,883.8,16943
*03dgq*,Ryan O'Hearn,"1B,OF",FA,28,886.9,16442
*03av1*,Jake Rogers,C,FA,26,889,19452
*03jvx*,Spencer Patton,RP,FA,33,889.1,12361
*03mp0*,Michael Hermosillo,OF,FA,26,891.5,16285
*0506h*,Randy Dobnak,"SP,RP",FA,26,894.1,23798
*02n7j*,Dominic Leone,RP,CALIXTO,30,896.3,13763
*04ddz*,Yohan Ramirez,RP,FA,26,897.96,19444
*03dfa*,Tanner Scott,RP,FA,27,898,17586
*04eel*,Stuart Fairchild,OF,W (Mon),25,899,20321
*03pox*,Andrew Stevenson,OF,FA,27,899.67,17932
*02bsm*,Noe Ramirez,RP,FA,32,900,12800
*03109*,Phil Bickford,RP,miche,26,907.43,18519
*031bm*,Jacob Nottingham,UT,W (Sat),26,908.17,16448
*0310a*,Reese McGuire,C,FA,26,909.35,15674
*03pp6*,Jahmai Jones,2B,FA,24,910,18872
*041py*,Keegan Akin,SP,FA,26,912.33,19362
*03ysp*,Jay Groome,SP,W (Mon),23,916.8,sa917925
*02hfr*,Caleb Thielbar,RP,FA,34,924.3,10078
*04ei5*,Nick Maton,"2B,SS",W (Mon),24,927.1,21635
*0317b*,Luis Guillorme,3B,FA,27,935,16451
*02n1i*,Tomas Nido,C,FA,27,935.1,13755
*03p9d*,Dillon Tate,RP,FA,27,935.5,17796
*03178*,Adam Cimber,RP,FA,31,935.7,15288
*03bam*,Domingo Acevedo,RP,FA,27,936.5,sa739716
*02brd*,Cam Gallagher,C,FA,29,936.5,12981
*03ani*,Joely Rodriguez,RP,W (Sun),30,938,11487
*02i1q*,Orlando Arcia,OF,FA,27,941.5,13185
*04674*,Johan Oviedo,SP,W (Fri),23,942.2,22487
*03qkw*,Ryan McKenna,OF,FA,24,942.33,19928
*031d4*,Zack Littell,RP,FA,26,949,15823
*02jmi*,Jose Cisnero,RP,FA,32,954.67,6399
*04efn*,Keegan Thompson,"SP,RP",FA,26,955,19795
*03cah*,Monte Harrison,OF,W (Mon),26,956,17216
*02t1d*,Will Harris,RP,FA,37,958.67,3192
*03dgs*,Erik Swanson,RP,FA,28,960,16587
*041e2*,Mickey Moniak,OF,Hit,23,961,19956
*03djm*,Jordan Yamamoto,"SP,RP",W (Mon),25,971,17585
*04ef6*,Cory Abbott,RP,FA,26,974,sa3005305
*03duu*,Ryan Thompson,RP,FA,29,975.33,16647
*03as0*,Joe Jimenez,RP,FA,26,977.5,15761
*01sha*,Anthony Gose,RP,FA,31,980,5097
*04mlr*,Jeffrey Springs,RP,FA,29,980.67,17677
*0316l*,Austin Voth,RP,FA,29,982,15047
*04o64*,Jean Carlos Mejia,SP,W (Thu),25,983,20617
*03vuk*,Yusniel Diaz,OF,W (Mon),25,983.67,sa912848
*02na8*,Jharel Cotton,RP,FA,29,986,13654
*01srk*,Jon Singleton,1B,W (Sun),30,987,10441
*058lu*,Shogo Akiyama,OF,FA,33,989.67,27461
*03dbu*,Sam Hentges,"SP,RP",FA,25,996,18548
*021sx*,Lucas Luetge,RP,FA,34,998,8337
*02ccf*,Tommy Kahnle,RP,FA,32,1003.5,11384
*04022*,Tim Hill,RP,METS,31,1013,16814
*04cdd*,Adam Haseley,OF,W (Mon),25,1018.67,19878
*041rn*,Joey Lucchesi,SP,FA,28,1027.5,19320
*031d3*,Jake Brentz,RP,FA,27,1067,17783
*04390*,Brailyn Marquez,SP,W (Mon),22,1120,21896
*041qm*,Shaun Anderson,RP,W (Mon),27,1142,19453
*03qxt*,Danny Mendick,"2B,SS",W (Mon),28,1150,18889
*03qk3*,Luke Williams,OF,W (Mon),25,1186,19931
*0351m*,Miguel Castro,RP,Scavenge,27,-,15684
*0313t*,Tyler Kinley,RP,FA,30,-,18297
*03ann*,Jeff Hoffman,"SP,RP",FA,29,-,17432
*021hr*,Jose Alvarez,RP,FA,32,-,5358
*02i45*,Jose Ruiz,RP,FA,27,-,14552
*03qjz*,Taylor Clarke,RP,W (Sat),28,-,17611
*01cgs*,Jhoulys Chacin,RP,W (Sun),34,-,2608
*03ql5*,Ryan Helsley,RP,FA,27,-,18138
*02jhl*,Rafael Montero,RP,FA,31,-,12760
*02nho*,T.J. McFarland,RP,W (Thu),32,-,3237
*04el1*,Brandon Bielak,RP,W (Tue),25,-,19866
*03mlu*,Guillermo Heredia,OF,FA,30,-,18721
*046yd*,Dennis Santana,RP,FA,25,-,17878
*03ywk*,Darwinzon Hernandez,RP,FA,25,-,19848
*05rbx*,Hirokazu Sawamura,RP,sfernand,33,-,27515
*031ez*,Paul Fry,RP,W (Mon),29,-,15832
*02myl*,Austin Dean,OF,W (Mon),28,-,18288
*0524m*,Brett de Geus,RP,W (Tue),24,-,23592
*03xmd*,John Brebbia,RP,W (Mon),31,-,12777
*01sdu*,Pedro Baez,RP,FA,33,-,5420
*02n0s*,Corey Oswalt,RP,FA,28,-,13677
*04km8*,Andres Machado,RP,FA,28,-,14681
*025ko*,Justin Wilson,RP,FA,34,-,4301
*031k3*,Trent Thornton,RP,W (Mon),28,-,17948
*03poo*,Peter Lambert,SP,W (Mon),24,-,17969
*03d7a*,Sean Reid-Foley,RP,W (Mon),26,-,17034
*0310h*,Travis Demeritte,OF,W (Tue),27,-,15958
*03qn0*,Garrett Stubbs,C,W (Mon),28,-,18067
*041sr*,Bryan Garcia,RP,FA,26,-,19457
*03qqd*,Seby Zavala,C,W (Mon),28,-,18887
*02n2v*,Anthony Banda,RP,FA,28,-,14706
*041yb*,Dean Kremer,SP,W (Mon),26,-,19350
*03d6p*,Grant Holmes,SP,W (Mon),25,-,sa828669
*04lo8*,Jose Rojas,OF,FA,28,-,19331
*03xy4*,Albert Abreu,RP,W (Thu),26,-,17485
*04tlv*,Bryan Abreu,RP,W (Fri),24,-,16609
*02484*,Aaron Altherr,OF,FA,30,-,11270
*02b2j*,Mark Appel,SP,FA,30,-,sa501726
*03nrm*,Jonathan Arauz,SS,W (Mon),23,-,20275
*02hma*,Tyler Austin,"1B,OF",FA,30,-,11850
*04akb*,Michel Baez,RP,FA,25,-,20100
*041sn*,Tres Barrera,C,W (Mon),27,-,19977
*01dom*,Antonio Bastardo,RP,FA,36,-,8844
*03djb*,Jalen Beeks,RP,FA,28,-,17192
*02hdd*,Chad Bell,RP,FA,32,-,10297
*02nbr*,Anthony Bemboom,C,W (Sun),31,-,13854
*01sci*,Christian Bethancourt,C,W (Mon),30,-,10028
*02mwd*,Paul Blackburn,SP,FA,28,-,14739
*025l1*,Jabari Blash,OF,FA,32,-,11247
*02n6w*,Ryan Borucki,RP,W (Mon),27,-,16350
*0009s*,Michael Bourn,OF,FA,39,-,6387
*025e9*,Rob Brantly,C,W (Tue),32,-,10655
*01saq*,Zack Britton,RP,FA,34,-,3240
*00035*,Jared Burton,RP,FA,40,-,8346
*03vum*,Gilberto Celestino,OF,W (Mon),22,-,20233
*04alp*,Ernie Clement,2B,W (Mon),25,-,20352
*013u9*,Phil Coke,RP,FA,39,-,5535
*01ubn*,Zack Cox,3B,FA,32,-,sa455436
*031gu*,Stefan Crichton,RP,W (Mon),29,-,16058
*013vo*,Luis Cruz,3B,FA,37,-,3188
*03qzb*,Jaylin Davis,OF,W (Mon),27,-,19552
*01cxc*,Fautino De Los Santos,RP,FA,35,-,5841
*01s92*,Daniel Descalso,2B,FA,35,-,8392
*01c1i*,Jason Donald,SS,FA,37,-,9331
*041qq*,Jon Duplantier,SP,W (Tue),27,-,19546
*02zl7*,Roenis Elias,RP,FA,33,-,12673
*04eet*,Drew Ellis,3B,W (Mon),26,-,19873
*03g4b*,Anderson Espinoza,SP,W (Mon),23,-,sa872856
*03d6m*,Brandon Finnegan,SP,W (Tue),28,-,16208
*026m5*,Derek Fisher,OF,W (Sun),28,-,16192
*01glp*,Logan Forsythe,3B,FA,34,-,7185
*0422q*,Matt Foster,RP,FA,26,-,19647
*0375q*,Dustin Fowler,OF,FA,27,-,17098
*03pzm*,Lucius Fox,SS,W (Mon),24,-,sa914200
*02hnu*,David Freitas,C,W (Sun),32,-,10619
*02hgc*,Dustin Garneau,C,FA,34,-,9433
*03bnk*,Erik Gonzalez,3B,W (Mon),30,-,13369
*03aqt*,Victor Gonzalez,RP,W (Mon),26,-,16408
*0316r*,Trevor Gott,RP,W (Mon),29,-,15046
*024p6*,Justin Grimm,RP,W (Sun),33,-,11720
*032uh*,Alex Guerrero,OF,FA,35,-,15670
*031nm*,Jandel Gustave,RP,FA,29,-,14665
*0310c*,Hunter Harvey,RP,FA,27,-,15507
*031gh*,Ben Heller,RP,FA,30,-,15100
*03mgq*,Jonathan Hernandez,RP,FA,25,-,17464
*01sg4*,Steven Hill,C,FA,36,-,8211
*03pjg*,Kyle Holder,SS,W (Tue),27,-,sa857840
*03dsa*,Jordan Holloway,RP,W (Mon),25,-,20631
*03to7*,Jae-gyun Hwang,3B,FA,34,-,19369
*01olv*,Ryota Igarashi,RP,FA,42,-,10232
*01sb6*,Brett Jackson,OF,FA,33,-,9632
*01s97*,Jay Jackson,RP,W (Thu),34,-,7432
*02ymd*,Josh Johnson,SS,FA,36,-,4567
*000f0*,Kelly Johnson,"2B,3B,OF",FA,39,-,2234
*04222*,Taylor Jones,1B,FA,28,-,19533
*01ubf*,Caleb Joseph,C,FA,35,-,7087
*01shs*,Corban Joseph,2B,FA,33,-,5503
*02i1l*,Munenori Kawasaki,2B,FA,40,-,13047
*041mb*,Anthony Kay,SP,W (Mon),26,-,20387
*01fcp*,Casey Kelly,RP,FA,32,-,9174
*03yet*,Hyun Soo Kim,OF,FA,34,-,18718
*02hky*,Adam Kolarek,RP,W (Mon),32,-,10843
*03xu9*,Dae-Ho Lee,1B,FA,39,-,18722
*037ab*,Domingo Leyba,2B,W (Sat),26,-,16404
*00009*,James Loney,1B,FA,37,-,4556
*02n09*,Tim Lopes,2B,W (Tue),27,-,14137
*03mk3*,Yoan Lopez,RP,W (Thu),29,-,17181
*03qok*,Vimael Machin,SS,FA,28,-,17684
*025hp*,Matt Magill,RP,FA,32,-,3950
*004dk*,Mitch Maier,OF,FA,39,-,5588
*04eie*,Nick Margevicius,SP,FA,25,-,20395
*01c5r*,Chris Marrero,"1B,OF",FA,33,-,2852
*026l3*,Leonys Martin,OF,FA,33,-,11846
*01sgc*,Jose Martinez,OF,FA,33,-,7996
*013uk*,Casey McGehee,3B,FA,39,-,6086
*043ia*,Adrian Morejon,SP,FA,22,-,20039
*026ke*,Hiroyuki Nakajima,SS,FA,39,-,14446
*03pp0*,Nick Neidert,SP,W (Mon),25,-,18699
*02n6c*,Scott Oberg,RP,FA,31,-,13911
*03nzq*,Seunghwan Oh,RP,FA,39,-,18719
*02myt*,Steven Okert,RP,FA,30,-,13580
*000jy*,Angel Pagan,OF,FA,40,-,2918
*02hqd*,Daniel Palka,OF,W (Sat),30,-,14897
*000bq*,Jonathan Papelbon,RP,FA,41,-,5975
*04ywp*,Enoli Paredes,RP,W (Fri),26,-,20447
*000py*,Jake Peavy,SP,FA,40,-,1051
*01chu*,Ramiro Pena,2B,FA,36,-,8841
*03zo6*,Cionel Perez,RP,W (Sat),25,-,19614
*03qto*,Evan Phillips,RP,FA,27,-,17734
*02mz1*,Colin Poche,RP,FA,27,-,19403
*02b2k*,Cody Poteet,SP,FA,27,-,18769
*01sro*,Cesar Puello,OF,FA,30,-,7216
*041ts*,Luke Raley,OF,W (Mon),27,-,19354
*02ytp*,Cory Rasmus,RP,FA,34,-,2413
*03azu*,Pablo Reyes,3B,W (Mon),28,-,16357
*03qvs*,Emmanuel Rivera,3B,W (Mon),25,-,19890
*02hjn*,Yadiel Rivera,3B,FA,29,-,11863
*04g7l*,Kristian Robinson,OF,sfernand,21,-,sa3006884
*027vl*,Jason Rogers,1B,FA,33,-,11773
*02i1m*,Daniel Rosenbaum,SP,FA,34,-,sa502078
*01s8w*,Tyson Ross,SP,FA,34,-,7872
*022vs*,Chris Rusin,RP,FA,35,-,9895
*03zce*,Blake Rutherford,OF,W (Mon),24,-,sa917932
*02hlf*,Kyle Ryan,RP,W (Mon),30,-,11753
*01ska*,Keyvius Sampson,RP,FA,31,-,10039
*0410x*,Warwick Saupold,RP,FA,31,-,13211
*0008v*,Nate Schierholtz,OF,FA,37,-,6201
*03dg9*,Justin Shafer,RP,FA,29,-,16132
*0420g*,Zack Short,SS,FA,26,-,19562
*00qrf*,Travis Snider,OF,FA,33,-,2830
*02bq1*,Cory Spangenberg,3B,FA,30,-,12294
*03qlb*,Thomas Szapucki,RP,W (Fri),25,-,sa875054
*00qrj*,Taylor Teagarden,C,FA,38,-,5199
*025gm*,Tomas Telis,C,W (Sat),30,-,10067
*03qr3*,Curtis Terry,UT,W (Mon),25,-,18881
*02yop*,Lewis Thorpe,SP,FA,26,-,15906
*02hhl*,Andrew Toles,OF,FA,29,-,13414
*056c8*,Chadwick Tromp,C,FA,26,-,16953
*040bu*,Phillips Valdez,RP,FA,30,-,15605
*0001t*,Jose Valverde,RP,FA,43,-,1726
*02n0e*,Andrew Velazquez,SS,FA,27,-,14196
*0008r*,Carlos Villanueva,RP,FA,38,-,4138
*01c1w*,Brett Wallace,3B,FA,35,-,8434
*04y76*,Jacob Webb,RP,W (Thu),28,-,19274
*041w3*,Eli White,OF,FA,27,-,19346
*041m3*,Forrest Whitley,SP,METS,24,-,sa917930
*03dfo*,Brad Wieck,RP,FA,30,-,16390
*03qtp*,Trey Wingenter,RP,W (Sun),27,-,17793
*0003j*,Kerry Wood,RP,FA,44,-,304
*01uha*,Danny Worth,"2B,SS",FA,36,-,198
*02yqz*,Gabriel Ynoa,RP,FA,28,-,12938
*04ehi*,Tyler Zuber,RP,W (Mon),26,-,20379
