ID,Player,Team,Position,%D,ADP
*02i3o*,Aaron Nola,PHI,SP,100%,32.86
*02mwk*,Jose Berrios,TOR,SP,100%,60.37
*02yg3*,Frankie Montas,OAK,SP,100%,76.62
*02x0f*,Sean Manaea,OAK,SP,100%,131.87
*01cgo*,Freddie Freeman,LAD,"1B,INF",100%,19.53
*01ut7*,Nathan Eovaldi,BOS,SP,100%,120.22
*0312g*,Tyler Mahle,CIN,SP,100%,105.6
*03amq*,German Marquez,COL,SP,100%,194.77
*005jn*,Charlie Morton,ATL,SP,100%,87.01
*02bwg*,Kyle Hendricks,CHC,SP,100%,233.28
*029si*,Eduardo Rodriguez,DET,SP,100%,139.19
*01svq*,Manny Machado,SD,"3B,INF",100%,26.09
*04auj*,Framber Valdez,HOU,SP,100%,125.39
*02hg4*,Marcus Stroman,CHC,SP,100%,157.11
*04yfw*,Alek Manoah,TOR,SP,100%,79.28
*000wm*,Adam Wainwright,STL,SP,100%,172.99
*04n0m*,Logan Gilbert,SEA,SP,100%,140.26
*02xik*,Hyun Jin Ryu,TOR,SP,100%,178.97
*01ual*,Paul Goldschmidt,STL,"1B,INF",100%,51.67
*02but*,Anthony DeSclafani,SF,SP,100%,202.46
*03dbo*,Jordan Montgomery,NYY,SP,100%,190.5
*03111*,Marco Gonzales,SEA,SP,94%,275.53
*041qo*,Zac Gallen,ARI,SP,100%,117.93
*01uut*,Dan Straily,ARI,"SP,RP",23%,574.14
*0425t*,Bailey Ober,MIN,SP,98%,263.21
*041qr*,Aaron Civale,CLE,SP,100%,219.95
*01xfr*,Patrick Corbin,WSH,SP,85%,323.36
*01fha*,Kyle Gibson,PHI,SP,92%,287.5
*0260v*,Sonny Gray,MIN,SP,100%,160.76
*041wu*,Zach Plesac,CLE,SP,95%,272.86
*04ptt*,Tarik Skubal,DET,SP,100%,173.17
*02n5v*,Chris Flexen,SEA,SP,92%,296.03
*03yxh*,Cal Quantrill,CLE,"SP,RP",99%,232.19
*041m0*,Ian Anderson,ATL,SP,100%,133.13
*03et8*,Ranger Suarez,PHI,"SP,RP",100%,191.47
*0440h*,Jose Urquidy,HOU,SP,100%,191.61
*0005k*,Zack Greinke,KC,SP,90%,301.28
*025dq*,Taijuan Walker,NYM,SP,91%,301.52
*04ml0*,Yusei Kikuchi,TOR,SP,89%,303.2
*01sy3*,Nolan Arenado,STL,"3B,INF",100%,64.81
*041ru*,Cole Irvin,OAK,SP,70%,386.44
*04cwf*,Shane Baz,TB,SP,100%,117.08
*01tt9*,Anthony Rendon,LAA,"3B,INF",100%,105.26
*03yx9*,Elieser Hernandez,MIA,SP,93%,300.2
*01gjf*,Jordan Lyles,BAL,SP,38%,507.26
*0269b*,Dylan Bundy,MIN,SP,70%,379.2
*02hjk*,Whit Merrifield,KC,"2B,INF,OF",100%,42.78
*04ps7*,Joe Ryan,MIN,SP,100%,206.92
*01sej*,Mike Minor,CIN,SP,59%,387.6
*02bxv*,Jon Gray,TEX,SP,100%,223.08
*02h8d*,Steven Matz,STL,SP,98%,246.76
*026lz*,Josh Bell,WSH,"1B,INF",100%,145.77
*01sev*,Wade Miley,CHC,SP,76%,343.99
*04eee*,Drew Rasmussen,TB,"SP,RP",98%,253.05
*02mv0*,Andrew Heaney,LAD,SP,90%,303.72
*01sea*,Anthony Rizzo,NYY,"1B,INF",100%,185.63
*0376h*,Tyler Alexander,DET,"SP,RP",23%,641.19
*02yd1*,Jorge Polanco,MIN,"2B,SS,INF",100%,90.96
*02611*,Francisco Lindor,NYM,"SS,INF",100%,58.36
*01ubo*,Kris Bryant,COL,"3B,INF,OF",100%,69.14
*03qjy*,Brandon Lowe,TB,"2B,INF",100%,63.46
*03qm8*,JT Brubaker,PIT,SP,55%,410.76
*02mwv*,Alex Wood,SF,SP,100%,202.14
*03pov*,Brady Singer,KC,SP,71%,359.58
*03pon*,Triston McKenzie,CLE,SP,100%,210.96
*02334*,J.D. Martinez,BOS,OF,100%,89.26
*03whq*,Ty France,SEA,"1B,2B,INF",100%,167.77
*03mul*,Giovanny Gallegos,STL,RP,100%,159.4
*04pmb*,Kris Bubic,KC,"SP,RP",68%,379.87
*04n0k*,Carlos Hernandez,KC,"SP,RP",82%,340.86
*025i9*,J.T. Realmuto,PHI,C,100%,71.25
*03qmh*,Jake Cronenworth,SD,"1B,2B,SS,INF",100%,122.3
*03d6s*,Matt Chapman,TOR,"3B,INF",100%,152.51
*02brc*,Adrian Houser,MIL,SP,79%,346.47
*03ae8*,Dansby Swanson,ATL,"SS,INF",100%,129.47
*03cag*,Kyle Schwarber,PHI,OF,100%,117.09
*0001d*,Nelson Cruz,WSH,UT,100%,184.55
*0316j*,Nick Pivetta,BOS,SP,90%,303.39
*03d6w*,Jack Flaherty,STL,SP,100%,149.11
*01s9k*,Starling Marte,NYM,OF,100%,39.3
*025hm*,Trevor Bauer,LAD,SP,100%,170.51
*01cdg*,Madison Bumgarner,ARI,SP,69%,370.69
*041v6*,Tony Gonsolin,LAD,SP,99%,254.9
*025ew*,Noah Syndergaard,LAA,SP,100%,186.41
*01srb*,Jameson Taillon,NYY,SP,92%,281.48
*000dp*,Justin Verlander,HOU,SP,100%,105.13
*00031*,Joey Votto,CIN,"1B,INF",100%,146.35
*04ug5*,Emmanuel Clase,CLE,RP,100%,102.69
*041sq*,Tommy Edman,STL,"2B,INF,OF",100%,107.75
*02mwq*,Zach Eflin,PHI,SP,59%,382.37
*041m9*,Dane Dunning,TEX,SP,77%,343.69
*02i3z*,Franmil Reyes,CLE,UT,100%,119.64
*02bq4*,C.J. Cron,COL,"1B,INF",100%,151.73
*03adt*,James Kaprielian,OAK,SP,86%,314.09
*03de5*,Zach Thompson,PIT,"SP,RP",40%,480.22
*01z83*,Dallas Keuchel,CHW,SP,49%,466.94
*026mn*,Javier Baez,DET,"2B,SS,INF",100%,81.02
*025f7*,Eddie Rosario,ATL,OF,100%,218.27
*031c4*,Trey Mancini,BAL,"1B,INF",100%,202.4
*01uqq*,Yasmani Grandal,CHW,C,100%,109.2
*02zoa*,Antonio Senzatela,COL,SP,46%,457.54
*045kb*,Cristian Javier,HOU,"SP,RP",98%,266.34
*03eet*,Yoan Moncada,CHW,"3B,INF",100%,141.56
*01seh*,Alex Cobb,SF,SP,98%,261.5
*025jv*,Yuli Gurriel,HOU,"1B,INF",99%,246.12
*025he*,George Springer,TOR,OF,100%,58.64
*02hj7*,Merrill Kelly,ARI,SP,56%,393.55
*041xv*,Nathaniel Lowe,TEX,"1B,INF",100%,221.28
*03022*,Hunter Renfroe,MIL,OF,100%,159.92
*025dn*,Christian Yelich,MIL,OF,100%,93.63
*03djk*,Tanner Houck,BOS,SP,100%,185.49
*03atq*,Willy Adames,MIL,"SS,INF",100%,134.8
*01as6*,Carlos Carrasco,NYM,SP,98%,263.47
*01cdo*,Stephen Strasburg,WSH,SP,98%,265.87
*041r1*,Jesus Luzardo,MIA,SP,98%,259.13
*01uca*,Chris Sale,BOS,SP,100%,88.65
*04b02*,Seiya Suzuki,CHC,OF,95%,132.06
*025g7*,Jonathan Schoop,DET,"1B,2B,INF",99%,241.44
*01z34*,Corey Kluber,TB,SP,92%,304.13
*03nri*,Lourdes Gurriel Jr.,TOR,OF,100%,144.32
*03pji*,Ke'Bryan Hayes,PIT,"3B,INF",100%,159.74
*03pjl*,Ryan Mountcastle,BAL,"1B,INF,OF",100%,125.9
*02bve*,Blake Treinen,LAD,RP,100%,204.93
*03ca3*,Kyle Freeland,COL,SP,50%,451.33
*02hir*,Michael Lorenzen,LAA,RP,33%,511.85
*03o43*,Luis Urias,MIL,"2B,3B,SS,INF",100%,176.33
*03mmw*,Vladimir Gutierrez,CIN,SP,40%,507.65
*02h9r*,Miles Mikolas,STL,SP,57%,404.86
*02i3v*,Joey Gallo,NYY,OF,100%,115.92
*02zif*,Ryan Pressly,HOU,RP,100%,108.81
*03d6n*,Erick Fedde,WSH,SP,34%,546.95
*03qne*,Chris Paddack,SD,SP,88%,320.92
*02buh*,Scott Barlow,KC,RP,100%,220.18
*025gz*,Cesar Hernandez,WSH,"2B,INF",82%,314.11
*025eo*,Mark Canha,NYM,OF,99%,225.09
*02yh5*,Amed Rosario,CLE,"SS,INF",99%,202.62
*0312l*,Brad Keller,KC,SP,39%,519.58
*02my5*,Edwin Diaz,NYM,RP,100%,99.84
*03pdw*,Andrew Benintendi,KC,OF,100%,203.36
*01t9q*,Gary Sanchez,MIN,C,99%,240.24
*01urw*,Avisail Garcia,MIA,OF,100%,188.8
*026m0*,Kolten Wong,MIL,"2B,INF",99%,207.42
*03dbe*,Austin Gomber,COL,SP,52%,433
*01cfr*,Carlos Santana,KC,"1B,INF",63%,360.91
*02h98*,Enrique Hernandez,BOS,"2B,INF,OF",99%,219.17
*027fx*,Jeimer Candelario,DET,"3B,INF",98%,255.19
*04pn3*,Josiah Gray,WSH,SP,98%,248.66
*01suo*,Jean Segura,PHI,"2B,INF",99%,231.16
*031f9*,Frank Schwindel,CHC,"1B,INF",100%,239.43
*03lua*,Brendan Rodgers,COL,"2B,SS,INF",100%,168.73
*03qqb*,Myles Straw,CLE,OF,100%,162.09
*041qs*,Austin Hays,BAL,OF,98%,237.03
*03gl9*,Huascar Ynoa,ATL,SP,99%,220
*02bsw*,Mike Clevinger,SD,SP,100%,156.7
*02nbq*,Alec Mills,CHC,"SP,RP",29%,578.77
*01sge*,Charlie Blackmon,COL,OF,99%,227.11
*01cfp*,Eric Hosmer,SD,"1B,INF",77%,340.15
*041mc*,Dylan Carlson,STL,OF,100%,154.52
*045qo*,Jazz Chisholm Jr.,MIA,"2B,SS,INF",100%,96.74
*03de9*,Rhys Hoskins,PHI,"1B,INF",100%,137.05
*031ey*,Eric Lauer,MIL,SP,93%,291.57
*03nqc*,Jose Suarez,LAA,"SP,RP",45%,436.91
*031t0*,Gleyber Torres,NYY,"SS,INF",100%,160.01
*041m1*,Matt Manning,DET,SP,59%,388.77
*03199*,Luke Voit,NYY,"1B,INF",98%,254.1
*0429o*,A.J. Alexy,TEX,SP,24%,620.63
*02k18*,Austin Meadows,TB,OF,100%,129.09
*01lum*,Justin Turner,LAD,"3B,INF",100%,175.62
*03c97*,Domingo German,NYY,SP,75%,367.03
*03oh0*,Willson Contreras,CHC,C,100%,147.53
*0310z*,J.P. Crawford,SEA,"SS,INF",83%,303.43
*01skh*,Will Smith,ATL,RP,100%,147.55
*02mzg*,Max Muncy,LAD,"1B,2B,INF",100%,112.2
*02brf*,Jorge Lopez,BAL,"SP,RP",3%,840.9
*03mew*,Luis Arraez,MIN,"2B,3B,INF,OF",85%,322.2
*0374o*,Chad Green,NYY,RP,58%,378
*01sjg*,Josh Donaldson,NYY,"3B,INF",100%,210.46
*03pix*,Tyler Stephenson,CIN,"C,1B,INF",100%,190.06
*01sdl*,Brandon Crawford,SF,"SS,INF",100%,215.57
*01usi*,Marcell Ozuna,ATL,OF,99%,147.62
*04oct*,Josh Rojas,ARI,"2B,SS,INF,OF",99%,239.65
*02iug*,Michael Wacha,BOS,SP,48%,436.83
*0008c*,Rich Hill,BOS,SP,63%,396.27
*031dw*,Mike Yastrzemski,SF,OF,98%,248.06
*03rmz*,Keibert Ruiz,WSH,C,100%,197.31
*01s9d*,Miguel Sano,MIN,"1B,INF",96%,276.41
*04k22*,Luis Patino,TB,SP,95%,272.25
*01sil*,Danny Duffy,(N/A),SP,34%,510.1
*0314j*,Ryan Yarbrough,TB,"SP,RP",47%,445.73
*02nc0*,Taylor Hearn,TEX,"SP,RP",32%,548.86
*01seb*,Robbie Grossman,DET,OF,100%,178.5
*04efa*,Daulton Varsho,ARI,"C,OF",100%,121.26
*04g1x*,David Peterson,NYM,SP,42%,483.28
*04aq4*,Adolis Garcia,TEX,OF,100%,171.46
*031b3*,Isiah Kiner-Falefa,NYY,"SS,INF",84%,302.29
*02jhn*,Jesus Aguilar,MIA,"1B,INF",84%,310.83
*02w16*,Anthony Santander,BAL,OF,96%,277.67
*021n3*,Eduardo Escobar,NYM,"2B,3B,INF",99%,222.01
*03qu7*,Nick Madrigal,CHC,"2B,INF",94%,275.29
*02mw3*,Christian Walker,ARI,"1B,INF",50%,393.98
*04lgp*,Bobby Witt Jr.,KC,"SS,INF",100%,109.8
*01cil*,Michael Brantley,HOU,OF,99%,234.67
*041pp*,Daulton Jefferies,OAK,RP,21%,683.6
*043f8*,Omar Narvaez,MIL,C,76%,299.06
*0506h*,Randy Dobnak,MIN,"SP,RP",10%,846.72
*03nmw*,Ian Happ,CHC,OF,100%,194.99
*029us*,Christian Vazquez,BOS,C,91%,281.32
*026l1*,Lance McCullers Jr.,HOU,SP,99%,169.52
*01t5w*,Miguel Rojas,MIA,"SS,INF",55%,348.88
*04k0w*,Camilo Doval,SF,RP,100%,207.76
*041sg*,Nicky Lopez,KC,"SS,INF",94%,276.9
*01scl*,Craig Kimbrel,CHW,RP,99%,190.58
*02c63*,Brian Anderson,MIA,"3B,INF",56%,368.43
*041qi*,Akil Baddoo,DET,OF,100%,177.91
*04ggi*,Andrew Kittredge,TB,RP,77%,307.84
*03d7h*,Mitch Keller,PIT,SP,46%,459.43
*0317o*,Jeff McNeil,NYM,"2B,INF,OF",93%,294.7
*03di6*,Jordan Romano,TOR,RP,100%,138.12
*01c1g*,Andrew McCutchen,MIL,OF,81%,310.31
*03bin*,Nestor Cortes Jr.,NYY,"SP,RP",91%,313.04
*03qjv*,Harrison Bader,STL,OF,98%,245.59
*03nru*,Jesus Sanchez,MIA,OF,100%,230.54
*04ggr*,Jarred Kelenic,SEA,OF,100%,124.89
*02jh6*,Eugenio Suarez,SEA,"3B,SS,INF",100%,188.78
*0260w*,Matt Barnes,BOS,RP,88%,294.31
*04eek*,Griffin Canning,LAA,SP,33%,545.63
*03qvr*,Seth Brown,OAK,OF,36%,447.71
*01bv1*,Elvis Andrus,OAK,"SS,INF",33%,494.23
*02c5l*,Luke Weaver,ARI,SP,60%,387.88
*02c5u*,Dillon Peters,PIT,SP,7%,881.6
*03qlw*,David Fletcher,LAA,"2B,SS,INF",71%,327.39
*03d1m*,David Peralta,ARI,OF,47%,422.8
*02bqj*,Michael Fulmer,DET,RP,67%,338.11
*01vja*,Max Kepler,MIN,OF,95%,279.84
*031cd*,Mitch Garver,TEX,C,98%,261.86
*0374m*,Tyler Rogers,SF,RP,36%,442.19
*03m6o*,Yandy Diaz,TB,"1B,3B,INF",52%,376.61
*0429h*,Bryse Wilson,PIT,SP,23%,655.99
*0240y*,Kole Calhoun,TEX,OF,54%,386.45
*0311c*,Devin Williams,MIL,RP,84%,303.24
*01s9c*,Randal Grichuk,TOR,OF,84%,327.09
*03aoy*,Sean Murphy,OAK,C,93%,274.48
*0316b*,Mike Mayers,LAA,RP,23%,619.64
*0429m*,Joe Barlow,TEX,RP,95%,265.95
*04alq*,Pavin Smith,ARI,"1B,INF,OF",63%,352.65
*02hy2*,Collin McHugh,ATL,"SP,RP",30%,495.34
*01c2r*,Mike Moustakas,CIN,"3B,INF",77%,344.26
*03nqg*,Kolby Allard,TEX,"SP,RP",20%,695.82
*02n2x*,Paul Sewald,SEA,RP,84%,306.76
*0423e*,Anthony Bender,MIA,RP,52%,373.35
*04aqc*,David Bednar,PIT,RP,93%,268.79
*04mn5*,Alec Bohm,PHI,"3B,INF",93%,279.76
*03ry2*,Dinelson Lamet,SD,"SP,RP",87%,334.37
*025gy*,Jonathan Villar,CHC,"3B,SS,INF",78%,320.92
*0423i*,Wil Crowe,PIT,SP,11%,805.52
*03179*,Chad Kuhl,COL,"SP,RP",3%,958.48
*025d4*,Eric Thames,OAK,"1B,INF",8%,823.27
*041rv*,Cavan Biggio,TOR,"3B,INF",95%,277.23
*01s9f*,Wil Myers,SD,OF,93%,294.18
*02br3*,Nick Ahmed,ARI,"SS,INF",39%,486.05
*031d9*,Lou Trivino,OAK,RP,81%,308.2
*027ow*,Adam Duvall,ATL,OF,99%,222.26
*02j2u*,Tyler Naquin,CIN,OF,69%,348.98
*03pol*,Jake Woodford,STL,"SP,RP",8%,848.46
*02i3g*,Adalberto Mondesi,KC,"3B,INF",100%,80.78
*02mxf*,Carson Kelly,ARI,C,65%,312.97
*03bud*,Bryan De La Cruz,MIA,OF,54%,389.03
*03h90*,Hector Neris,HOU,RP,34%,455.03
*025kd*,Jose Quintana,PIT,"SP,RP",27%,543.04
*04prq*,Codi Heuer,CHC,RP,37%,441.07
*01di3*,Craig Stammen,SD,RP,10%,837.16
*03zlh*,Oneil Cruz,PIT,"SS,INF",99%,220.75
*041md*,Dakota Hudson,STL,"SP,RP",79%,356.9
*03dp8*,Ramon Laureano,OAK,OF,99%,231.62
*02mw1*,Chris Stratton,PIT,RP,30%,499.37
*032gq*,Rowdy Tellez,MIL,"1B,INF",69%,329.47
*01iz0*,Tyler Matzek,ATL,RP,29%,512.86
*01spl*,Jurickson Profar,SD,"1B,INF,OF",36%,450.39
*04yk2*,Spencer Torkelson,DET,"1B,3B,INF",98%,243.46
*04b84*,Yoshi Tsutsugo,PIT,"1B,INF,OF",54%,356.05
*026rz*,Gio Urshela,MIN,"3B,SS,INF",90%,316.19
*031hc*,Cole Sulser,BAL,RP,42%,403.48
*04aok*,Gregory Soto,DET,RP,97%,262.78
*01fhm*,Martin Perez,TEX,"SP,RP",2%,943.4
*03z61*,Kyle Lewis,SEA,OF,95%,289.99
*03aqz*,Adbert Alzolay,CHC,"SP,RP",92%,299.66
*032pz*,Raimel Tapia,COL,OF,94%,286.04
*02bq2*,Brandon Nimmo,NYM,OF,96%,266.85
*01s98*,Jose Iglesias,COL,"SS,INF",26%,563.48
*041qk*,Garrett Hampson,COL,"2B,INF,OF",90%,299.32
*04ejp*,James Karinchak,CLE,RP,62%,372.34
*03sef*,Seth Lugo,NYM,RP,24%,624.75
*02mzc*,Austin Nola,SD,C,52%,367.5
*01s9a*,Trevor May,NYM,RP,27%,540.14
*03cav*,Brent Suter,MIL,RP,22%,628.56
*01sjy*,Josh Harrison,CHW,"2B,3B,INF,OF",43%,432.04
*02yek*,Alex Reyes,STL,RP,89%,304.9
*02j7h*,Jacob Stallings,MIA,C,52%,371.47
*03daq*,Bobby Bradley,CLE,"1B,INF",50%,395.58
*04y44*,Josh Jung,TEX,"3B,INF",68%,411.69
*04eeu*,Spencer Howard,TEX,SP,44%,470.07
*02mzu*,Joey Wendle,MIA,"3B,SS,INF",69%,351.97
*026qc*,Joc Pederson,SF,OF,52%,401.49
*025ho*,Jackie Bradley Jr.,BOS,OF,32%,521.63
*04ew7*,Aaron Ashby,MIL,RP,99%,238.57
*02n4s*,Matthew Boyd,SF,SP,34%,544.14
*01cgt*,Wilmer Flores,SF,"1B,2B,3B,INF",51%,384.32
*05ajh*,Garrett Crochet,CHW,RP,37%,481.95
*000d8*,Yadier Molina,STL,C,53%,340.68
*02n3l*,Taylor Rogers,MIN,RP,93%,248.87
*041m8*,Carter Kieboom,WSH,"3B,INF",43%,434.03
*04de0*,Ramon Urias,BAL,"2B,SS,INF",41%,412.29
*01cgr*,Aaron Hicks,NYY,OF,50%,407.16
*03d6t*,Michael Chavis,PIT,"2B,INF",33%,505.38
*02hhd*,Dylan Floro,MIA,RP,84%,287.71
*041qd*,Jake Fraley,CIN,OF,33%,525.78
*03pzn*,Andres Gimenez,CLE,"2B,SS,INF",78%,308.86
*02mzd*,Tyler Duffey,MIN,RP,24%,597.03
*01h4f*,Jake Odorizzi,HOU,SP,60%,409.47
*0310k*,Corey Knebel,PHI,RP,90%,222.07
*03160*,Chad Pinder,OAK,OF,27%,552.94
*03dei*,Lane Thomas,WSH,OF,97%,263.81
*022vt*,Rafael Ortega,CHC,OF,76%,325.66
*03qo2*,LaMonte Wade Jr.,SF,"1B,INF,OF",77%,319.82
*02bu2*,J.D. Davis,NYM,"3B,INF",54%,397.48
*03db4*,Jonathan Loaisiga,NYY,RP,65%,362.64
*041py*,Keegan Akin,BAL,SP,5%,891.12
*03pp2*,Josh Staumont,KC,RP,45%,391.52
*03108*,Hunter Dozier,KC,"3B,INF,OF",71%,351.67
*02hgr*,Ryan Tepera,LAA,RP,23%,630.01
*01avv*,Jake McGee,SF,RP,80%,314.42
*02n1f*,Drew Steckenrider,SEA,RP,54%,377.49
*03fhx*,Elias Diaz,COL,C,69%,309.5
*03drc*,Aaron Bummer,CHW,RP,24%,580.22
*04ata*,Jorge Alcala,MIN,RP,33%,463.61
*025ei*,Andrelton Simmons,CHC,"SS,INF",18%,695.69
*03753*,Caleb Smith,ARI,"SP,RP",25%,608.64
*02hq8*,Rowan Wick,CHC,RP,56%,347.21
*025jm*,Ji-Man Choi,TB,"1B,INF",27%,516.52
*01s8p*,AJ Pollock,LAD,OF,99%,244.33
*021sx*,Lucas Luetge,NYY,RP,2%,1022.03
*025ey*,Luke Jackson,ATL,RP,21%,657.38
*041me*,Diego Castillo,SEA,RP,55%,379.54
*03qo0*,Pete Fairbanks,TB,RP,32%,448.14
*031bl*,Kyle Finnegan,WSH,RP,49%,368.08
*02i3d*,Manuel Margot,TB,OF,56%,365.57
*051z4*,Chris Mazza,TB,RP,0%,1422.1
*0484h*,Nabil Crismatt,SD,RP,0%,963.1
*04nb2*,Riley Greene,DET,OF,92%,297.57
*04q2n*,Adley Rutschman,BAL,C,99%,274.68
*031b8*,Tony Kemp,OAK,"2B,INF,OF",49%,394.08
*02mws*,Patrick Wisdom,CHC,"3B,INF",94%,299.56
*02bwr*,Ross Stripling,TOR,SP,36%,503.04
*01s99*,Travis d'Arnaud,ATL,C,89%,286.07
*0007c*,Miguel Cabrera,DET,"1B,INF",33%,457.75
*03d6r*,Cole Tucker,PIT,"SS,INF",32%,535.9
*03atj*,Aristides Aquino,CIN,OF,23%,640.67
*041q8*,Brandon Marsh,LAA,OF,70%,318.86
*03qs6*,Sam Hilliard,COL,OF,58%,376.3
*031cy*,Emilio Pagan,SD,RP,25%,562.31
*02br5*,Daniel Vogelbach,PIT,"1B,INF",15%,771.85
*02bvh*,Matt Wisler,TB,RP,15%,784.32
*01ut0*,Didi Gregorius,PHI,"SS,INF",59%,373.12
*040cf*,Genesis Cabrera,STL,RP,15%,750.28
*02hhj*,Ryne Stanek,HOU,RP,19%,723.68
*01sgi*,Adam Ottavino,NYM,RP,14%,784.28
*01cyw*,Mark Melancon,ARI,RP,100%,202.94
*0311b*,Trevor Williams,NYM,"SP,RP",10%,839.54
*02f9m*,Jakob Junis,SF,"SP,RP",1%,1197.4
*03qwa*,Phil Maton,HOU,RP,4%,903
*04pmu*,Ryan Jeffers,MIN,C,32%,448.73
*0414g*,Luis Garcia,WSH,"2B,INF",46%,422.48
*03zc9*,Nick Senzel,CIN,OF,62%,361.71
*021jb*,Ryan Brasier,BOS,RP,4%,918.47
*04t3y*,Alejandro Kirk,TOR,C,68%,323.1
*03qkh*,Paul DeJong,STL,"SS,INF",55%,391.47
*02jmi*,Jose Cisnero,DET,RP,3%,952.07
*0351m*,Miguel Castro,NYM,RP,1%,1064.25
*03qml*,Dylan Moore,SEA,"2B,INF,OF",55%,387.31
*02i12*,Mike Zunino,TB,C,76%,333.08
*0313g*,Daniel Ponce de Leon,LAA,RP,1%,1077.3
*041q1*,Nick Solak,TEX,"2B,INF",57%,358.24
*02h9j*,Michael A. Taylor,KC,OF,44%,412.76
*031d3*,Jake Brentz,KC,RP,2%,1031.94
*02yoh*,Clint Frazier,CHC,OF,53%,403.1
*0001p*,Justin Upton,LAA,OF,38%,487.38
*04eej*,Gavin Sheets,CHW,UT,54%,392.76
*031c2*,Kendall Graveman,CHW,RP,35%,456.53
*03zbj*,Brusdar Graterol,LAD,RP,34%,492.21
*02i2s*,Odubel Herrera,PHI,OF,26%,556.73
*02bra*,James McCann,NYM,C,50%,363.26
*01sc0*,Deolis Guerra,OAK,RP,5%,896.71
*0241r*,Brad Hand,PHI,RP,29%,497.33
*025jn*,Corey Dickerson,STL,OF,22%,613.23
*041vp*,Santiago Espinal,TOR,"3B,INF",29%,509.05
*04esz*,Chas McCormick,HOU,OF,43%,420.76
*03mnq*,Carlos Estevez,COL,RP,34%,448.31
*03yxd*,Vidal Brujan,TB,"2B,INF",91%,293.65
*02hfr*,Caleb Thielbar,MIN,RP,3%,984.73
*02z96*,Dominic Smith,NYM,OF,60%,362.73
*03b6k*,Jorge Mateo,BAL,OF,42%,417.79
*02yxb*,Paolo Espino,WSH,"SP,RP",22%,671.24
*0313t*,Tyler Kinley,COL,RP,0%,1315.1
*04mnw*,Ryan Weathers,SD,"SP,RP",27%,595.17
*02han*,Aaron Loup,LAA,RP,21%,645.28
*02bqd*,Andrew Chafin,DET,RP,19%,709.77
*02hh7*,Darin Ruf,SF,"1B,INF,OF",43%,415.27
*026ly*,Rougned Odor,BAL,"2B,3B,INF",44%,433.32
*03ann*,Jeff Hoffman,CIN,"SP,RP",1%,1082.25
*04nky*,Trevor Larnach,MIN,OF,46%,421.39
*04q05*,Alex Vesia,LAD,RP,19%,729.5
*031dd*,Tim Mayza,TOR,RP,13%,787.99
*01c5o*,Jason Heyward,CHC,OF,23%,640.24
*02bvq*,Tommy La Stella,SF,"2B,INF",37%,472.45
*03am2*,Luis Cessa,CIN,RP,14%,753.3
*0381o*,Kevin Kiermaier,TB,OF,27%,533.21
*03109*,Phil Bickford,LAD,RP,6%,898.64
*02mwd*,Paul Blackburn,OAK,SP,0%,-
*03dpn*,J.P. Feyereisen,TB,RP,23%,637.89
*03aaa*,Jarlin Garcia,SF,RP,8%,862.91
*04ali*,Edward Cabrera,MIA,SP,75%,370.68
*01cg1*,Daniel Bard,COL,RP,21%,675.82
*01sk9*,Alex Colome,COL,RP,31%,482.78
*00068*,Robinson Cano,NYM,"2B,INF",49%,426.71
*03c8v*,Bradley Zimmer,CLE,OF,49%,415.72
*03128*,Garrett Cooper,MIA,OF,44%,420.58
*02hka*,Ben Gamel,PIT,OF,21%,621.7
*02z0e*,Yimi Garcia,TOR,RP,24%,624.6
*021iu*,Richard Bleier,MIA,RP,4%,932.8
*022vw*,Tucker Barnhart,DET,C,39%,401.37
*025dj*,Anthony Bass,MIA,RP,7%,903.68
*021t6*,Martin Maldonado,HOU,C,27%,543.04
*02iya*,Jake Diekman,BOS,RP,17%,749.73
*02nqg*,Luis Torrens,SEA,C,46%,401.07
*03178*,Adam Cimber,TOR,RP,3%,981.98
*01fd0*,Daniel Hudson,LAD,RP,24%,593.86
*02hdy*,Pierce Johnson,SD,RP,37%,410.71
*03mm4*,Andy Ibanez,TEX,"2B,INF",33%,514.58
*04dwv*,Jose Barrero,CIN,"SS,INF",56%,375.64
*031d7*,Steven Brault,CHC,SP,5%,917.82
*04coa*,Trevor Richards,TOR,RP,12%,825
*02mx4*,J.T. Chargois,TB,RP,10%,837.24
*02mx2*,Tyrone Taylor,MIL,OF,44%,414.28
*000y3*,Ian Kennedy,ARI,RP,54%,362.16
*02mw7*,Lucas Sims,CIN,RP,78%,290.52
*01te5*,Donovan Solano,CIN,"2B,INF",14%,772.66
*021hr*,Jose Alvarez,SF,RP,1%,1021.75
*02n23*,Nick Wittgren,STL,RP,1%,1059
*02bx4*,Clay Holmes,NYY,RP,17%,743.93
*02mwx*,Duane Underwood Jr.,PIT,RP,1%,1272.2
*03a95*,Francisco Mejia,TB,C,35%,422.06
*05ajg*,Ha-seong Kim,SD,"2B,3B,SS,INF",57%,377.84
*041ai*,Gavin Lux,LAD,"2B,SS,INF",99%,224.55
*02bq5*,Tyler Beede,SF,RP,32%,527.3
*030vs*,Kirby Yates,ATL,RP,24%,556.75
*03ppa*,A.J. Minter,ATL,RP,15%,754.39
*03pox*,Andrew Stevenson,WSH,OF,8%,863.16
*03dg7*,Austin Slater,SF,OF,29%,514.36
*03p9d*,Dillon Tate,BAL,RP,3%,990.66
*0421j*,Trevor Stephan,CLE,RP,1%,1321.7
*01skl*,Jeurys Familia,PHI,RP,2%,913.53
*02i45*,Jose Ruiz,CHW,RP,0%,688.1
*02t8m*,Tom Murphy,SEA,C,27%,485.19
*02my8*,Anthony Alford,PIT,OF,27%,511.14
*01sc7*,Max Stassi,LAA,C,52%,348.05
*004e4*,David Price,LAD,"SP,RP",32%,532.42
*04ek8*,Connor Brogdon,PHI,RP,7%,895.61
*0315r*,Willie Calhoun,TEX,OF,61%,363.7
*023fv*,Steve Cishek,WSH,RP,1%,946.07
*02brl*,Brad Miller,TEX,"1B,INF,OF",26%,546.88
*01sik*,Brad Boxberger,MIL,RP,22%,641.31
*03nqh*,Kyle Funkhouser,DET,RP,1%,1300.7
*031d4*,Zack Littell,SF,RP,1%,1055.5
*04022*,Tim Hill,SD,RP,2%,1092.2
*01vxp*,Brooks Raley,TB,RP,14%,776.14
*024o9*,Yan Gomes,CHC,C,37%,415.02
*03quj*,Anthony Misiewicz,SEA,RP,1%,1278.7
*02hhu*,Heath Hembree,PIT,RP,1%,1124.75
*02zpf*,Edmundo Sosa,STL,"2B,SS,INF",41%,441.08
*03pj8*,DJ Stewart,BAL,OF,9%,849.73
*02i2r*,Stephen Piscotty,OAK,OF,17%,728.68
*04e82*,Keston Hiura,MIL,"1B,INF",55%,416.56
*04p10*,Bryson Stott,PHI,"SS,INF",37%,456.49
*02yxi*,Austin Adams,SD,RP,7%,919
*03pp9*,Josh Sborz,TEX,RP,3%,916.85
*02y8t*,Aledmys Diaz,HOU,"3B,INF",25%,556.52
*03aab*,Steven Duggar,SF,OF,17%,746.26
*01c5f*,Lorenzo Cain,MIL,OF,50%,389.49
*04bpj*,Taylor Walls,TB,"SS,INF",24%,589.49
*04ywk*,Tylor Megill,NYM,SP,88%,305.93
*03nud*,Kelvin Gutierrez,BAL,"3B,INF",13%,772.9
*03pp7*,Tanner Rainey,WSH,RP,39%,401.54
*03ysq*,Jaime Barria,LAA,SP,2%,947.03
*02615*,Brian Goodwin,CHW,OF,1%,1013.63
*0321h*,Luis Garcia,SD,RP,21%,613.44
*04aee*,Jo Adell,LAA,OF,99%,221.97
*041ry*,Devin Smeltzer,MIN,RP,0%,797.1
*031el*,Danny Jansen,TOR,C,49%,362.98
*041qh*,Jose Miranda,MIN,"2B,3B,INF",69%,356.21
*03c65*,Victor Robles,WSH,OF,50%,415.75
*02bq6*,Joe Ross,WSH,SP,28%,571.63
*03duu*,Ryan Thompson,TB,RP,1%,1043.6
*03c9c*,Justus Sheffield,SEA,SP,17%,737.69
*03dfa*,Tanner Scott,BAL,RP,5%,913.9
*03dbs*,Brett Martin,TEX,RP,1%,1042
*0596g*,Reid Detmers,LAA,SP,82%,340.48
*025iy*,Jorge Alfaro,SD,"C,OF",39%,405.3
*013ub*,Alcides Escobar,WSH,"SS,INF",26%,577.13
*02bvf*,Ken Giles,SEA,RP,71%,336.97
*03btm*,Jose Alvarado,PHI,RP,24%,601.72
*03qnb*,Logan Allen,CLE,SP,7%,864.76
*0312h*,Kyle Farmer,CIN,"SS,INF",40%,445.53
*03yso*,A.J. Puk,OAK,RP,35%,512.15
*041m4*,Justin Dunn,CIN,SP,27%,576.98
*02k19*,Oscar Mercado,CLE,OF,26%,554.22
*01usr*,Kyle Higashioka,NYY,C,24%,571.67
*02bxm*,Curt Casali,SF,C,16%,741.24
*02i18*,Nomar Mazara,SD,OF,3%,922.47
*04emt*,Jake Meyers,HOU,OF,34%,484.7
*02hkk*,Chasen Shreve,NYM,RP,0%,-
*04b08*,Nick Pratto,KC,"1B,INF",45%,428.45
*04efn*,Keegan Thompson,CHC,"SP,RP",2%,998.8
*004e1*,Evan Longoria,SF,"3B,INF",54%,383.11
*02mwa*,Lewis Brinson,HOU,OF,7%,810.8
*03deg*,Justin Steele,CHC,"SP,RP",27%,590.27
*01cgs*,Jhoulys Chacin,COL,RP,1%,1325.7
*03dag*,Jordan Luplow,ARI,OF,11%,828.61
*03ywd*,Yadiel Hernandez,WSH,OF,27%,541.61
*03ql5*,Ryan Helsley,STL,RP,0%,-
*02brk*,Austin Hedges,CLE,C,21%,655.56
*02bqo*,Jace Peterson,MIL,"1B,2B,INF,OF",25%,540.33
*0316t*,Adam Frazier,SEA,"2B,INF",84%,318.54
*01sve*,Joe Kelly,CHW,RP,3%,951.21
*03vcw*,Jordan Hicks,STL,RP,40%,447.22
*03dv0*,Zachery Pop,MIA,RP,1%,1151.7
*031b2*,Jonah Heim,TEX,C,29%,468.06
*02n7j*,Dominic Leone,SF,RP,3%,941.4
*02jhl*,Rafael Montero,HOU,RP,2%,941.87
*04egr*,Bruce Zimmermann,BAL,SP,10%,804.11
*02bv2*,Eric Haase,DET,"C,OF",77%,308.39
*049dt*,Josh James,HOU,RP,11%,834.23
*02n4q*,J.B. Wendelken,ARI,RP,11%,794.87
*03anj*,Casey Sadler,SEA,RP,2%,890.15
*0310e*,Christian Arroyo,BOS,"2B,INF",24%,596.77
*04yin*,Yonny Hernandez,TEX,"3B,INF",14%,722.81
*01uug*,Carlos Martinez,SF,SP,15%,768.1
*047sh*,Wandy Peralta,NYY,RP,0%,822.1
*02nho*,T.J. McFarland,STL,RP,0%,1240.1
*025gw*,Daniel Norris,CHC,RP,0%,-
*021oi*,Leury Garcia,CHW,"2B,INF,OF",35%,467.66
*04egq*,Josh Fleming,TB,"SP,RP",20%,700.21
*02j77*,Chris Martin,CHC,RP,0%,-
*02myl*,Austin Dean,SF,OF,0%,1274.1
*0260z*,Archie Bradley,LAA,RP,6%,902.69
*02i2d*,Maikel Franco,WSH,"3B,INF",10%,830.18
*000cd*,Kurt Suzuki,LAA,C,4%,917.06
*0316v*,Jake Bauers,CIN,"1B,INF,OF",6%,906.17
*02bq7*,Robert Stephenson,COL,RP,14%,757.15
*02bwt*,Austin Barnes,LAD,C,21%,684.1
*01xfu*,Greg Holland,TEX,RP,1%,1097.25
*03125*,Dom Nunez,COL,C,23%,612.65
*03as0*,Joe Jimenez,DET,RP,1%,1026.25
*01sfv*,Wily Peralta,DET,SP,6%,851.07
*04pr1*,Steven Kwan,CLE,OF,38%,462.73
*02hd2*,Sam Selman,OAK,RP,0%,-
*02zm9*,Victor Reyes,DET,OF,24%,603.42
*03jvx*,Spencer Patton,TEX,RP,9%,851.54
*03c7z*,Nick Gordon,MIN,OF,31%,499.94
*01u5m*,Manny Pina,ATL,C,22%,616.89
*04el1*,Brandon Bielak,HOU,RP,0%,936.1
*04pkr*,Nico Hoerner,CHC,"2B,INF",57%,358.82
*021wh*,Roberto Perez,PIT,C,23%,604.39
*041wv*,Michael King,NYY,"SP,RP",12%,821.58
*043pf*,Josh Taylor,BOS,RP,1%,1002
*03i81*,Reynaldo Lopez,CHW,"SP,RP",41%,477.48
*0316l*,Austin Voth,WSH,RP,1%,1182.07
*046yd*,Dennis Santana,TEX,RP,0%,1390.1
*025l2*,James Paxton,BOS,SP,34%,500.37
*03mwy*,Yonathan Daza,COL,OF,11%,799.68
*03yrz*,William Contreras,ATL,C,21%,646.88
*0260x*,Alex Dickerson,ATL,OF,6%,843.25
*01cde*,Jason Castro,HOU,C,16%,759.86
*05rbx*,Hirokazu Sawamura,BOS,RP,1%,1310.2
*03ywk*,Darwinzon Hernandez,BOS,RP,1%,1143.73
*03dad*,Sam Howard,PIT,RP,0%,-
*03ap0*,Pedro Severino,MIL,C,25%,493.91
*031ez*,Paul Fry,BAL,RP,0%,-
*02nax*,Matt Strahm,BOS,RP,0%,-
*04ylg*,Mike Brosseau,MIL,"2B,3B,INF",22%,668.55
*03d6q*,Derek Hill,DET,OF,7%,826.6
*02ibc*,Willians Astudillo,MIA,"1B,3B,INF",5%,932.03
*02bsm*,Noe Ramirez,ARI,RP,1%,1109
*03dbu*,Sam Hentges,CLE,"SP,RP",1%,1080
*03pj2*,Kevin Newman,PIT,"SS,INF",23%,636.35
*01ucb*,Drew Pomeranz,SD,RP,21%,641.85
*02i3m*,Harold Ramirez,CHC,OF,27%,533.48
*03ded*,Sam Coonrod,PHI,RP,2%,1022.28
*02i1q*,Orlando Arcia,ATL,OF,6%,873.74
*031ui*,Lewin Diaz,MIA,"1B,INF",30%,497.73
*04c8q*,Edward Olivares,KC,OF,31%,510.77
*03qln*,Jimmy Herget,LAA,RP,0%,-
*0440n*,Sixto Sanchez,MIA,SP,94%,273.76
*02btc*,Michael Perez,PIT,C,2%,1042.37
*01sbf*,Rex Brothers,MIL,RP,1%,1282.2
*025j5*,Robinson Chirinos,BAL,C,3%,981.21
*03df0*,Jose Trevino,TEX,C,20%,683.24
*04pt2*,Lars Nootbaar,STL,OF,33%,502.72
*04pmw*,Alek Thomas,ARI,OF,36%,452.78
*01cgn*,Austin Romine,LAA,C,1%,1010.2
*041t8*,Andrew Knizner,STL,C,11%,817.63
*02zma*,Harold Castro,DET,"2B,SS,INF",16%,754.1
*02brd*,Cam Gallagher,KC,C,1%,942.75
*03btu*,Willi Castro,DET,"2B,SS,INF",33%,502.76
*03139*,Shed Long Jr.,BAL,OF,2%,1029.87
*041ah*,Josh Lowe,TB,OF,63%,359.58
*03h8n*,Magneuris Sierra,LAA,OF,1%,1181.2
*02z95*,Ender Inciarte,NYY,OF,1%,1007.15
*0414k*,Seth Beer,ARI,UT,43%,457.21
*0311f*,Victor Caratini,SD,C,21%,662.96
*02brj*,Roman Quinn,MIA,OF,1%,1065.7
*0524m*,Brett de Geus,ARI,RP,0%,-
*03116*,Blake Taylor,HOU,RP,0%,1420.1
*02mwl*,Kevin Plawecki,BOS,C,19%,670.93
*03dav*,Daniel Mengden,KC,SP,0%,-
*03mlu*,Guillermo Heredia,ATL,OF,1%,1191.7
*03ani*,Joely Rodriguez,NYY,RP,1%,1100.8
*03aqw*,Mauricio Dubon,SF,"2B,SS,INF,OF",22%,660.83
*03qkc*,Drew Smith,NYM,RP,0%,1209.1
*02c47*,Shawn Armstrong,MIA,RP,0%,-
*03xmd*,John Brebbia,SF,RP,0%,-
*02jtq*,Sandy Leon,CLE,C,3%,899.44
*01sdu*,Pedro Baez,HOU,RP,1%,1037.73
*02zg5*,Daz Cameron,DET,OF,21%,673.07
*02610*,Phillip Evans,NYY,"1B,INF,OF",0%,1293.1
*03qxt*,Danny Mendick,CHW,"2B,SS,INF",1%,930.6
*041x6*,Taylor Widener,ARI,"SP,RP",9%,786.57
*03pzo*,Leody Taveras,TEX,OF,38%,460.3
*01cj2*,Sean Doolittle,WSH,RP,0%,996.1
*03yvx*,Juan Minaya,MIN,RP,0%,-
*03day*,Sam Clay,WSH,RP,0%,-
*04de1*,Triston Casas,BOS,"1B,3B,INF",50%,391.82
*04km8*,Andres Machado,WSH,RP,0%,913.1
*02n0s*,Corey Oswalt,SF,RP,0%,-
*02c4r*,Jon Berti,MIA,"2B,3B,INF",24%,569.47
*031b4*,Tyler Wade,LAA,"3B,SS,INF,OF",31%,487.4
*02n8i*,David Bote,CHC,"2B,3B,INF",24%,609.93
*03pjf*,Mike Soroka,ATL,SP,56%,408.19
*013ip*,Jesse Chavez,CHC,RP,0%,-
*03dez*,Greg Allen,PIT,OF,14%,781.58
*03qkw*,Ryan McKenna,BAL,OF,2%,1024.2
*058lu*,Shogo Akiyama,CIN,OF,2%,991.23
*01u9l*,Cesar Valdez,LAA,RP,0%,-
*02n1i*,Tomas Nido,NYM,C,2%,995.65
*02i3x*,Amir Garrett,KC,RP,22%,639.7
*03mle*,Joe Mantiply,ARI,RP,0%,-
*03qn0*,Garrett Stubbs,PHI,C,1%,866.97
*026jx*,Austin Brice,PIT,RP,0%,-
*03v3t*,Kyle Garlick,MIN,OF,1%,819.2
*04071*,Isaac Paredes,DET,"2B,INF",29%,564.16
*03qjz*,Taylor Clarke,KC,RP,0%,-
*03qkr*,Austin Allen,OAK,C,12%,816.4
*03qlr*,Edwin Rios,LAD,"1B,INF",27%,530.26
*04aea*,Hunter Greene,CIN,SP,79%,356.72
*031k3*,Trent Thornton,TOR,RP,0%,1332.1
*02mzf*,Rob Refsnyder,BOS,OF,1%,1134.2
*025ko*,Justin Wilson,CIN,RP,0%,-
*03vlg*,Jack Mayfield,LAA,"3B,INF",6%,902.2
*04eey*,MJ Melendez,KC,C,54%,384.25
*02i1a*,Ronald Guzman,NYY,"1B,INF",2%,982.2
*031fh*,Adam Engel,CHW,OF,23%,613.98
*02c5v*,Dan Winkler,TEX,RP,0%,-
*04ei1*,Lucas Gilbreath,COL,RP,0%,-
*05r9c*,Spenser Watkins,BAL,SP,0%,-
*04pmv*,Brennen Davis,CHC,OF,44%,434.15
*03qqd*,Seby Zavala,CHW,C,0%,1045.1
*01cfo*,Gerardo Parra,WSH,OF,0%,1326.1
*03aru*,Joel Payamps,KC,RP,0%,-
*01sit*,Jake Marisnick,TEX,OF,1%,1022.2
*02hlt*,Stefen Romero,LAD,OF,0%,-
*02j2v*,Travis Jankowski,NYM,OF,0%,1296.1
*0310h*,Travis Demeritte,ATL,OF,0%,1235.1
*03da6*,Isan Diaz,MIA,"2B,3B,INF",7%,858.28
*03344*,Johan Camargo,PHI,"1B,2B,3B,INF",15%,747.65
*03qpz*,Matt Beaty,LAD,"1B,INF,OF",24%,578.35
*01fug*,Matt Moore,TEX,"SP,RP",0%,-
*03qkx*,Ryan Burr,CHW,RP,0%,1073.1
*03yug*,Zack Collins,CHW,C,19%,716.45
*04p9m*,Josh VanMeter,ARI,"2B,3B,INF",16%,765.68
*04qk8*,CJ Abrams,SD,"SS,INF",34%,487.94
*02n7z*,Yency Almonte,LAD,RP,0%,-
*041q4*,Kyle Muller,ATL,SP,37%,487.67
*041pq*,Taylor Trammell,SEA,OF,26%,605.23
*03aay*,Thairo Estrada,SF,"SS,INF",10%,797.63
*041r5*,Dustin May,LAD,SP,45%,436.28
*02bul*,Jake Cave,MIN,OF,2%,1027.53
*032lk*,Sean Newcomb,ATL,RP,1%,914.65
*04eiw*,Eli Morgan,CLE,SP,32%,542.45
*025fb*,Niko Goodrum,HOU,"SS,INF",28%,572.69
*03d7a*,Sean Reid-Foley,NYM,RP,0%,-
*050if*,Humberto Castellanos,ARI,SP,1%,1070.73
*02yog*,Touki Toussaint,ATL,SP,29%,593.9
*02yh9*,Sergio Alcantara,CHC,"2B,SS,INF",5%,858.25
*03mkx*,Miguel Diaz,DET,RP,0%,-
*041se*,Abraham Toro,SEA,"2B,3B,INF",96%,271.73
*04anu*,Andrew Young,WSH,"2B,INF",3%,927.57
*04fhb*,Julio Rodriguez,SEA,OF,99%,246.14
*02k1f*,Franchy Cordero,BOS,OF,3%,964.19
*04e2u*,Brent Rooker,MIN,OF,20%,677.29
*0317q*,Griffin Jax,MIN,SP,10%,840.44
*02y27*,Jose Peraza,NYY,"2B,INF",2%,946.78
*03poo*,Peter Lambert,COL,SP,0%,1387.1
*03mp0*,Michael Hermosillo,CHC,OF,1%,1000.4
*02by3*,Jake Faria,MIN,RP,0%,-
*0511g*,Ethan Small,MIL,SP,25%,555.23
*041sr*,Bryan Garcia,DET,RP,0%,-
*03qlf*,Ka'Ai Tom,SF,OF,0%,-
*03mgg*,Mike Ford,SEA,"1B,INF",0%,1418.1
*03zu0*,Yonny Chirinos,TB,SP,12%,801.95
*02jtl*,Hanser Alberto,LAD,"2B,3B,INF",2%,972.37
*04azt*,Riley Adams,WSH,C,19%,697.27
*025fu*,Charlie Culberson,TEX,"3B,INF",1%,1188.7
*0310d*,Billy McKinney,OAK,OF,1%,1111.7
*03117*,Chance Sisco,SEA,C,0%,1167.1
*01sb1*,Trayce Thompson,SD,OF,1%,1142.7
*02mzn*,Jake Lamb,LAD,OF,0%,1310.1
*039si*,Yu Chang,CLE,"1B,3B,INF",20%,673.46
*04o64*,Jean Carlos Mejia,MIL,SP,1%,1050.73
*02mzx*,Brett Phillips,TB,OF,17%,739.88
*03qpd*,Josh Rogers,WSH,SP,4%,892.58
*02n2v*,Anthony Banda,PIT,RP,0%,-
*03pj6*,Richie Martin,BAL,"SS,INF",1%,1048.7
*04eec*,Nate Pearson,TOR,RP,79%,351.08
*026k6*,Chase Anderson,DET,SP,0%,-
*02i3l*,Miguel Andujar,NYY,OF,23%,617.76
*02c2m*,Adrian Sampson,CHC,SP,0%,1080.1
*03dgq*,Ryan O'Hearn,KC,"1B,INF,OF",4%,904.34
*03mky*,Hoy Park,PIT,"2B,INF",10%,821.57
*02i2m*,David Dahl,MIL,OF,9%,842.51
*01t3l*,Ehire Adrianza,WSH,OF,0%,1016.1
*0414s*,Yermin Mercedes,CHW,UT,12%,771.4
*02n0e*,Andrew Velazquez,LAA,"SS,INF",1%,1256.2
*04ppl*,Owen Miller,CLE,"2B,INF",9%,775.18
*01sgc*,Jose Martinez,NYM,OF,0%,1353.1
*04pma*,Daniel Lynch,KC,SP,43%,458.09
*04lo8*,Jose Rojas,LAA,OF,1%,1261.7
*0374g*,Jason Martin,LAD,OF,0%,1266.1
*041yb*,Dean Kremer,BAL,SP,1%,1107.73
*03cah*,Monte Harrison,MIA,OF,2%,965.78
*031dr*,Tim Locastro,NYY,OF,2%,1009.23
*0375e*,Jonathan Davis,MIL,OF,0%,-
*03avk*,Luis Rengifo,LAA,"SS,INF",10%,828.9
*03119*,Andrew Knapp,CIN,C,1%,996.15
*02yop*,Lewis Thorpe,MIN,SP,1%,809.73
*01c5n*,Todd Frazier,PIT,"1B,INF",0%,-
*0317b*,Luis Guillorme,NYM,"3B,INF",2%,969.8
*04cdd*,Adam Haseley,PHI,OF,2%,962.4
*03pjc*,Scott Kingery,PHI,OF,8%,868.59
*01uvc*,JaCoby Jones,KC,OF,1%,1326.2
*05g4k*,Mick Abel,PHI,"SP,RP",3%,652.59
*0009p*,Reggie Abercrombie,HOU,OF,0%,-
*04tlv*,Bryan Abreu,HOU,RP,0%,1406.1
*000ge*,Jeremy Accardo,ARI,RP,0%,-
*000fh*,Manny Acosta,NYM,RP,0%,-
*025it*,Jason Adam,TB,RP,0%,-
*01sgs*,David Adams,TOR,"3B,INF",0%,-
*005i9*,Mike Adams,LAD,RP,0%,-
*025cr*,Nate Adcock,BAL,RP,0%,-
*000zg*,Jon Adkins,CHW,RP,0%,-
*000na*,Jonathan Albaladejo,NYM,RP,0%,-
*000ew*,Eliezer Alfonzo,LAD,C,0%,-
*037u4*,Abraham Almonte,MIL,OF,0%,-
*03dec*,Dan Altavilla,BOS,RP,0%,-
*02484*,Aaron Altherr,NYM,OF,0%,-
*03gol*,Dario Alvarez,MIN,RP,0%,-
*04qnc*,Francisco Alvarez,NYM,C,5%,674.74
*000xi*,Chip Ambres,BOS,OF,0%,-
*01t1y*,Hector Ambriz,WSH,RP,0%,-
*000up*,Brian Anderson,CHW,"OF,RP",0%,-
*000s8*,Josh Anderson,ATL,OF,0%,-
*03do2*,Justin Anderson,TEX,RP,0%,-
*04sxl*,Nick Anderson,TB,RP,9%,819.23
*041qm*,Shaun Anderson,TOR,RP,0%,1152.1
*000i0*,Robert Andino,BAL,"2B,INF",0%,-
*02nbw*,Tejay Antone,CIN,RP,3%,949.43
*000wd*,Greg Aquino,CHW,RP,0%,-
*03aqj*,Victor Arano,WSH,RP,0%,-
*029je*,Elvis Araujo,MIA,RP,0%,-
*03nrm*,Jonathan Arauz,BOS,"SS,INF",0%,1197.1
*01c97*,J.P. Arencibia,TB,C,0%,-
*004e6*,Joaquin Arias,ARI,"SS,INF",0%,-
*000pp*,Jose Ascanio,LAD,RP,0%,-
*005i0*,Michael Aubrey,WSH,"1B,INF",0%,-
*01cfs*,Phillippe Aumont,TOR,RP,0%,-
*02hma*,Tyler Austin,MIL,"1B,INF,OF",0%,-
*02nod*,Luis Avilan,WSH,RP,0%,-
*02d57*,Dylan Axelrod,MIA,RP,0%,-
*000rg*,Mike Bacsik,WSH,"SP,RP",0%,-
*000z4*,Jeff Bailey,MIN,"1B,INF",0%,-
*005m1*,Collin Balester,SF,RP,0%,-
*02mv6*,Jett Bandy,BOS,C,0%,-
*000ut*,Josh Banks,BAL,SP,0%,-
*041v3*,Caleb Baragar,SF,RP,0%,-
*000ns*,Brian Barden,LAD,"SS,INF",0%,-
*02c14*,Jacob Barnes,DET,RP,0%,-
*02n0z*,Kyle Barraclough,LAA,RP,0%,-
*02hjz*,Aaron Barrett,PHI,RP,0%,-
*000c6*,Daric Barton,TOR,"1B,INF",0%,-
*01dom*,Antonio Bastardo,ARI,RP,0%,-
*01uda*,Mike Baxter,SEA,OF,0%,-
*000mi*,Yorman Bazardo,MIN,RP,0%,-
*01wpv*,Brandon Beachy,SF,SP,0%,669.1
*021id*,Pedro Beato,PHI,RP,0%,-
*01s6m*,Blake Beavan,NYM,SP,0%,-
*02j2t*,Chris Beck,STL,RP,0%,-
*01cfq*,Tim Beckham,MIN,"SS,INF,OF",0%,-
*0240t*,Cam Bedrosian,PHI,RP,0%,-
*03djb*,Jalen Beeks,TB,RP,0%,-
*01chv*,Ronald Belisario,BOS,RP,0%,-
*02hxt*,Jeff Beliveau,CLE,RP,0%,-
*02hdd*,Chad Bell,ATL,RP,0%,-
*01c5h*,Josh Bell,SD,"3B,INF",0%,-
*027cz*,Duane Below,NYM,RP,0%,-
*004gl*,Francis Beltran,BAL,RP,0%,-
*02nbr*,Anthony Bemboom,BAL,C,0%,-
*005m2*,Roger Bernadina,NYM,OF,0%,-
*005ju*,Doug Bernier,TEX,"3B,INF",0%,-
*01sci*,Christian Bethancourt,OAK,C,0%,-
*03qht*,Joe Biagini,TOR,RP,0%,-
*01sw0*,Jeff Bianchi,COL,"3B,SS,INF",0%,-
*02btu*,Greg Bird,TOR,"1B,INF",0%,974.1
*03qjr*,Braden Bishop,ARI,OF,0%,-
*02mzi*,Ty Blach,COL,SP,0%,-
*02bvi*,Ray Black,MIL,RP,0%,-
*01sv4*,Vic Black,SF,RP,0%,-
*000y4*,Travis Blackley,DET,"SP,RP",0%,-
*03d6u*,Alex Blandino,SF,"1B,INF",0%,1293.1
*025l1*,Jabari Blash,LAA,OF,0%,-
*04y95*,JJ Bleday,MIA,OF,23%,610.22
*000yg*,Jerry Blevins,NYM,RP,0%,-
*005gf*,Brandon Boggs,ATL,OF,0%,-
*005jp*,Eddie Bonine,SD,RP,0%,-
*02n6w*,Ryan Borucki,TOR,RP,0%,-
*014rw*,Jason Bourgeois,CHW,OF,0%,-
*0009s*,Michael Bourn,ARI,OF,0%,-
*02n53*,Matt Bowman,NYY,RP,0%,-
*03djz*,Silvino Bracho,BOS,RP,0%,-
*01scq*,Zach Braddock,SD,RP,0%,-
*025e9*,Rob Brantly,NYY,C,0%,-
*02myd*,Brandon Brennan,ATL,RP,0%,-
*02bt3*,Colten Brewer,KC,RP,0%,-
*03dbv*,Jeff Brigham,MIA,RP,0%,-
*000qh*,Chris Britton,SD,RP,0%,-
*01saq*,Zack Britton,NYY,RP,0%,-
*027fw*,Andrew Brown,LAA,OF,0%,-
*02n32*,Trevor Brown,SF,C,0%,-
*000iy*,Travis Buck,SD,OF,0%,-
*00yyr*,Francisley Bueno,CHC,RP,0%,-
*01dfi*,Greg Burke,PHI,RP,0%,-
*0058r*,Emmanuel Burriss,LAA,"2B,INF",0%,-
*00035*,Jared Burton,TEX,RP,0%,-
*04t9b*,Michael Busch,LAD,"2B,INF",7%,814.38
*000qf*,Fernando Cabrera,SF,RP,0%,-
*000ei*,Melky Cabrera,NYM,OF,0%,-
*02i56*,Ramon Cabrera,CIN,C,0%,-
*0006r*,Kevin Cameron,SF,RP,0%,-
*021k4*,Eric Campbell,SEA,"3B,INF",0%,-
*000pc*,Matt Capps,ARI,RP,0%,-
*0317d*,Shane Carle,ARI,RP,0%,-
*04y4e*,Corbin Carroll,ARI,OF,8%,656.26
*03caa*,Scott Carroll,CHC,RP,0%,-
*04p0h*,Diego Cartaya,LAD,C,0%,651.1
*000bg*,Kevin Cash,TEX,C,0%,-
*000ab*,Alexi Casilla,TOR,"2B,INF",0%,-
*03akd*,Rusney Castillo,WSH,OF,1%,1072.75
*01utp*,Welington Castillo,WSH,C,0%,-
*05gef*,Cade Cavalli,WSH,SP,31%,524.06
*025g0*,Darrell Ceciliani,TOR,OF,0%,-
*0008d*,Ronny Cedeno,SF,"SS,INF",0%,-
*038hy*,Juan Centeno,ARI,C,0%,-
*0408d*,Hunter Cervenka,BAL,RP,0%,-
*04axv*,Yoelkis Cespedes,CHW,OF,4%,876.92
*000r1*,Gustavo Chacin,NYM,RP,0%,-
*01vj8*,Kevin Chapman,DET,RP,0%,-
*01vxr*,Michael Choice,COL,OF,0%,-
*02zbn*,Alex Claudio,NYM,RP,0%,-
*0275d*,Paul Clemens,SD,SP,0%,-
*000um*,Brent Clevlen,ARI,OF,0%,-
*013u9*,Phil Coke,NYY,RP,0%,638.1
*02vxb*,Chris Colabello,TOR,"1B,INF",0%,-
*033rm*,Taylor Cole,BOS,RP,0%,-
*00081*,Jesus Colome,COL,RP,0%,-
*01c92*,Tyler Colvin,LAD,OF,0%,-
*00qrl*,Brooks Conrad,KC,"2B,3B,INF",0%,-
*027gp*,Jose Constanza,TB,OF,0%,-
*01cx1*,David Cooper,NYM,"1B,INF",0%,-
*03pdy*,Jimmy Cordero,NYY,RP,0%,-
*03ytv*,Allen Cordoba,CIN,"SS,INF,OF",0%,-
*01slc*,Jarred Cosart,SD,SP,0%,-
*02na8*,Jharel Cotton,MIN,RP,2%,1011.7
*000pf*,Neal Cotts,WSH,RP,0%,-
*02hxd*,Danny Coulombe,MIN,RP,0%,-
*01scn*,Scott Cousins,TEX,OF,0%,-
*0240x*,Kaleb Cowart,NYY,"3B,INF",0%,-
*01sgm*,Collin Cowgill,SEA,OF,0%,-
*000b2*,Jesse Crain,CHW,RP,0%,-
*027rn*,Tyler Cravy,MIL,RP,0%,-
*031gu*,Stefan Crichton,ARI,RP,0%,-
*02bqp*,Kyle Crick,CHW,RP,1%,1025.97
*031ay*,Kyle Crockett,ARI,RP,0%,-
*01nag*,Aaron Crow,CHC,RP,0%,-
*013vo*,Luis Cruz,NYY,"3B,INF",0%,-
*02i52*,Rhiner Cruz,TOR,RP,0%,-
*03ao2*,Brandon Cunniff,MIA,RP,0%,-
*01sff*,Matt Davidson,ARI,"1B,INF",0%,-
*04225*,Tucker Davidson,ATL,SP,37%,488.18
*03dji*,Austin Davis,BOS,RP,0%,-
*01urr*,Justin De Fratus,LAD,RP,0%,-
*02mxi*,Chase De Jong,PIT,SP,0%,-
*02mw0*,Eury De La Rosa,HOU,RP,0%,-
*0002s*,Jorge De La Rosa,COL,"SP,RP",0%,-
*03y4y*,Enyel De Los Santos,CLE,RP,0%,-
*02jxi*,Cole De Vries,MIN,SP,0%,-
*01f6t*,Jaff Decker,WSH,OF,0%,-
*01uv7*,Sam Demel,LAD,RP,0%,-
*01s92*,Daniel Descalso,MIN,"2B,INF",0%,-
*02i31*,Chris Devenski,ARI,RP,0%,-
*010jm*,Chris Dickerson,BAL,OF,0%,-
*050c3*,Jasson Dominguez,NYY,OF,5%,657.91
*02z0b*,Jose Dominguez,SD,RP,0%,-
*04auk*,Seranthony Dominguez,PHI,RP,7%,856.48
*01c1i*,Jason Donald,TEX,"SS,INF",0%,-
*01c5k*,Kyle Drabek,ARI,RP,0%,-
*01as7*,Brian Duensing,CHC,RP,0%,-
*0421i*,Robert Dugger,SEA,RP,0%,-
*000vc*,Phil Dumatrait,MIN,RP,0%,-
*02j70*,Josh Edgin,WSH,RP,0%,-
*02of2*,Carl Edwards Jr.,WSH,RP,0%,-
*02c29*,Jerad Eickhoff,PIT,SP,0%,-
*02zl7*,Roenis Elias,SEA,RP,0%,-
*01sju*,Barry Enright,ARI,RP,0%,-
*01ub5*,Robbie Erlin,LAD,"SP,RP",0%,-
*02z0r*,Phillip Ervin,ATL,OF,0%,-
*02n6j*,Buck Farmer,CIN,RP,0%,-
*02z6i*,Michael Feliz,BOS,RP,0%,-
*043r7*,Caleb Ferguson,LAD,RP,2%,1009.37
*021nm*,Tommy Field,MIN,"2B,INF",0%,-
*0003n*,Josh Fields,PHI,"3B,INF",0%,-
*03de7*,Heath Fillmyer,SD,RP,0%,-
*03d6m*,Brandon Finnegan,CHW,SP,0%,-
*004dr*,Jeff Fiorentino,OAK,OF,0%,-
*026m5*,Derek Fisher,MIN,OF,0%,1120.1
*01sgh*,Yohan Flande,COL,"SP,RP",0%,-
*00082*,Jesus Flores,MIA,C,0%,-
*024nw*,Ramon Flores,WSH,OF,0%,-
*000jz*,Mike Fontenot,TB,"2B,INF",0%,-
*01glp*,Logan Forsythe,MIL,"3B,INF",0%,-
*0422q*,Matt Foster,CHW,RP,0%,-
*0375q*,Dustin Fowler,MIA,OF,0%,1433.1
*000va*,Jake Fox,PHI,"C,OF",0%,-
*000c2*,Frank Francisco,CHW,RP,0%,-
*021o1*,Sam Freeman,KC,RP,0%,-
*02hnu*,David Freitas,NYY,C,0%,-
*02bx2*,Jace Fry,CHW,RP,0%,-
*02n67*,Carson Fulmer,LAD,RP,0%,-
*000oy*,Sean Gallagher,COL,RP,0%,-
*02of5*,Frank Garces,MIA,RP,0%,-
*02c6c*,Aramis Garcia,CIN,C,0%,991.1
*02i3s*,Robel Garcia,CHC,"3B,INF",0%,-
*02hgc*,Dustin Garneau,DET,C,0%,-
*04138*,Ryan Garton,MIN,RP,0%,-
*02bu1*,Sam Gaviglio,LAD,"SP,RP",0%,-
*01utl*,Cory Gearrin,MIN,RP,0%,-
*02ney*,Steve Geltz,PHI,RP,0%,-
*030tm*,Gonzalez Germen,CHW,RP,0%,-
*01sew*,Johnny Giavotella,CHW,"2B,INF",0%,-
*01c5g*,Cole Gillespie,SD,OF,0%,-
*01sfk*,Caleb Gindl,SF,OF,0%,-
*03dpg*,Kevin Ginkel,ARI,RP,0%,-
*0312u*,Zack Godley,CIN,"SP,RP",0%,-
*02bqs*,Tyler Goeddel,WSH,OF,0%,-
*021ot*,Ryan Goins,ATL,"3B,INF",0%,-
*025kr*,Brandon Gomes,CHC,RP,0%,-
*01cg4*,Hector Gomez,PHI,"2B,SS,INF",0%,-
*0003v*,Andy Gonzalez,PHI,"2B,INF",0%,-
*03bnk*,Erik Gonzalez,MIA,"3B,INF",0%,1388.1
*00z7r*,Gio Gonzalez,MIA,RP,0%,-
*03aqt*,Victor Gonzalez,LAD,RP,1%,1298.7
*04cd5*,MacKenzie Gore,SD,SP,34%,528.38
*04ai4*,Nolan Gorman,STL,"2B,3B,INF",49%,395.25
*000nc*,Tom Gorzelanny,CLE,RP,0%,-
*01sha*,Anthony Gose,CLE,RP,3%,1008.54
*000fr*,Mike Gosling,CLE,RP,0%,-
*02c2f*,Daniel Gossett,MIN,SP,0%,-
*0316r*,Trevor Gott,MIL,RP,0%,-
*02bsk*,J.R. Graham,NYY,RP,0%,-
*03ap5*,Juan Graterol,ARI,C,0%,-
*01cx5*,Grant Green,MIA,"2B,INF",0%,-
*0311k*,Hunter Green,LAA,"SP,RP",0%,-
*01ubd*,Taylor Green,MIL,"1B,INF",0%,-
*02hds*,Shane Greene,LAD,RP,0%,-
*01d63*,Tyler Greene,PHI,"2B,INF",0%,-
*03das*,Grayson Greiner,ARI,C,0%,-
*024p6*,Justin Grimm,OAK,RP,0%,-
*02c0c*,Robert Gsellman,CHC,RP,0%,-
*032uh*,Alex Guerrero,LAD,OF,0%,-
*031nm*,Jandel Gustave,MIL,RP,0%,1440.1
*0008e*,Angel Guzman,LAD,RP,0%,-
*000p2*,Freddy Guzman,TB,OF,0%,-
*01fco*,Nick Hagadone,SEA,RP,0%,-
*03qz9*,Sam Haggerty,SEA,OF,0%,1372.1
*027rv*,Matt Hague,WSH,"1B,INF",0%,-
*04aeh*,DL Hall,BAL,SP,8%,838.7
*027rq*,Sean Halton,DET,"1B,INF",0%,-
*01shg*,Mark Hamilton,ATL,"1B,INF",0%,-
*0510l*,Emerson Hancock,SEA,SP,8%,732.14
*021ph*,Donovan Hand,DET,RP,0%,-
*01bw7*,Tommy Hanson,SF,SP,0%,-
*0512v*,Michael Harris,ATL,OF,3%,723.6
*02t1d*,Will Harris,WSH,RP,1%,983.5
*04yk6*,Geoff Hartlieb,BOS,RP,0%,-
*05gbe*,Robert Hassell,SD,OF,8%,649.29
*021pr*,Chris Hatcher,OAK,RP,0%,-
*01ser*,Jeremy Hefner,STL,SP,0%,-
*03dri*,Scott Heineman,CIN,OF,0%,-
*04up9*,Heriberto Hernandez,TB,C,0%,691.1
*01t7c*,David Herndon,MIL,RP,0%,-
*005j8*,Daniel Herrera,NYM,RP,0%,-
*02ju1*,Elian Herrera,LAD,"2B,INF",0%,-
*02h9a*,Chris Herrmann,WSH,C,0%,-
*03del*,David Hess,TB,RP,0%,-
*01sec*,Brandon Hicks,LAD,"2B,INF",0%,-
*02bt6*,John Hicks,CHC,C,0%,-
*03dtu*,Trevor Hildenberger,SF,RP,0%,-
*03dex*,Jonathan Holder,CHC,RP,0%,-
*01uwj*,Tyler Holt,CIN,OF,0%,-
*03d7m*,Brent Honeywell Jr.,OAK,SP,22%,675.65
*021qe*,Jeremy Horst,MIL,RP,0%,-
*01lmq*,Dusty Hughes,ATL,RP,1%,772.2
*025kq*,Drew Hutchison,DET,RP,0%,-
*01olv*,Ryota Igarashi,NYY,RP,0%,-
*022cq*,Gregory Infante,BAL,RP,0%,-
*000gi*,Omar Infante,ATL,"2B,INF",0%,-
*00588*,Hernan Iribarren,CIN,"2B,INF",0%,-
*004fe*,Travis Ishikawa,SF,"1B,INF",1%,762.2
*02yoi*,Alex Jackson,MIA,C,1%,944.6
*01sb6*,Brett Jackson,SF,OF,0%,-
*01s97*,Jay Jackson,ATL,RP,0%,-
*029uz*,Ryan Jackson,WSH,"2B,INF",0%,-
*01cea*,Jason Jaramillo,SEA,C,0%,-
*01shj*,Chad Jenkins,TOR,RP,0%,-
*0241x*,Tyrell Jenkins,ATL,SP,0%,-
*05rb0*,Jackson Jobe,DET,"SP,RP",2%,725.77
*01cx8*,Chris Johnson,CHW,"1B,INF",0%,-
*0056p*,Elliot Johnson,LAD,OF,0%,-
*000f0*,Kelly Johnson,NYM,"2B,3B,INF,OF",0%,-
*000tn*,Rob Johnson,SD,C,0%,-
*01sg8*,Steve Johnson,CHW,RP,0%,-
*01sup*,James Jones,TEX,OF,0%,-
*0311d*,Ryder Jones,CHW,"3B,INF",0%,-
*04222*,Taylor Jones,HOU,"1B,INF",1%,1043.7
*01ubf*,Caleb Joseph,SEA,C,0%,-
*01shs*,Corban Joseph,WSH,"2B,INF",0%,-
*000sx*,Jair Jurrjens,LAD,SP,0%,-
*013vm*,Kila Ka'aihue,MIA,"1B,INF",0%,-
*02ccf*,Tommy Kahnle,LAD,RP,3%,983.66
*03k3p*,Jung Ho Kang,MIL,"3B,INF",0%,-
*02i1l*,Munenori Kawasaki,CHC,"2B,INF",0%,-
*041mb*,Anthony Kay,TOR,SP,0%,-
*02n4l*,Keone Kela,ARI,RP,0%,-
*01fcp*,Casey Kelly,SF,RP,0%,-
*000qv*,Logan Kensing,DET,RP,0%,-
*000b8*,Bobby Kielty,SD,OF,0%,-
*01sk1*,Roger Kieschnick,LAA,OF,0%,-
*04q1w*,Caleb Kilian,CHC,"SP,RP",6%,870.72
*03yet*,Hyun Soo Kim,PHI,OF,0%,-
*04eku*,John King,TEX,RP,1%,1195.7
*04yie*,George Kirby,SEA,SP,39%,459.59
*01uwl*,Michael Kirkman,MIL,RP,0%,-
*02myu*,Patrick Kivlehan,CHW,OF,0%,-
*03h52*,Phil Klein,PHI,RP,0%,-
*02bzh*,Matt Koch,SEA,SP,0%,-
*02hky*,Adam Kolarek,OAK,RP,0%,-
*000hq*,Casey Kotchman,TOR,"1B,INF",0%,-
*01s8m*,Marc Krauss,NYM,"1B,INF",0%,-
*000p4*,Hong-Chih Kuo,SD,RP,0%,-
*059qm*,Asa Lacy,KC,"SP,RP",4%,870.22
*021s3*,Junior Lake,SEA,OF,0%,-
*03qlx*,Travis Lakins Sr.,BAL,RP,0%,-
*021s5*,Ryan LaMarre,NYY,OF,0%,-
*000p6*,John Lannan,WSH,RP,0%,-
*00026*,Andy LaRoche,CHW,"3B,INF",0%,-
*01ujr*,Ryan Lavarnway,DET,C,0%,-
*05r1m*,Jordan Lawlar,ARI,"SS,INF",3%,641.83
*04awd*,Casey Lawrence,TOR,RP,0%,-
*030x2*,Jose Leclerc,TEX,RP,12%,819.4
*01sf3*,Sam LeCure,LAD,RP,0%,-
*021sf*,C.C. Lee,LAD,RP,0%,-
*03xu9*,Dae-Ho Lee,SEA,"1B,INF",0%,-
*0319c*,Mark Leiter Jr.,CHC,RP,1%,1097.97
*04y9o*,Jack Leiter,TEX,SP,17%,648.47
*000u9*,Anthony Lerew,LAA,SP,0%,-
*037ab*,Domingo Leyba,SD,"2B,INF",0%,-
*04mlx*,Matt Liberatore,STL,SP,28%,580.81
*01cf6*,Josh Lindblom,MIL,RP,2%,932.68
*01sdy*,Rymer Liriano,SEA,OF,0%,-
*0311w*,Ben Lively,CIN,RP,0%,-
*041ps*,Nick Lodolo,CIN,SP,43%,460.65
*00009*,James Loney,NYM,"1B,INF",0%,-
*02n09*,Tim Lopes,COL,"2B,INF",0%,1260.1
*03mk3*,Yoan Lopez,PHI,RP,0%,-
*01sdh*,David Lough,PHI,OF,0%,-
*00569*,Shane Loux,SF,RP,0%,-
*041w0*,Richard Lovelady,KC,RP,0%,-
*021sv*,Ed Lucas,ARI,"2B,INF",0%,-
*041rn*,Joey Lucchesi,NYM,SP,1%,1157.73
*04ooy*,Marco Luciano,SF,"SS,INF",6%,662.15
*000mf*,Ruddy Lugo,DET,RP,0%,-
*0277d*,Donald Lutz,CIN,"1B,INF",0%,-
*02haz*,Tyler Lyons,NYY,RP,0%,-
*027h1*,Dixon Machado,CHC,"2B,INF",0%,-
*005lz*,Warner Madrigal,WSH,RP,0%,-
*02z93*,Kenta Maeda,MIN,SP,16%,660.77
*0009b*,Paul Maholm,CIN,SP,0%,-
*004dk*,Mitch Maier,KC,OF,0%,-
*02n1q*,Luke Maile,CLE,C,0%,-
*01aw7*,Matt Maloney,CIN,RP,0%,-
*005id*,Charlie Manning,STL,RP,0%,-
*01h99*,Jeff Manship,CIN,RP,0%,-
*04eie*,Nick Margevicius,SEA,SP,0%,-
*01slb*,Jhan Marinez,CHW,RP,0%,-
*02hiz*,Michael Mariot,WSH,RP,0%,-
*01c5r*,Chris Marrero,SF,"1B,INF,OF",0%,-
*04qnd*,Noelvi Marte,SEA,"SS,INF",4%,651.07
*026l3*,Leonys Martin,CLE,OF,0%,-
*01chy*,Joe Martinez,LAA,RP,0%,-
*013ug*,Shairon Martis,BAL,SP,0%,-
*021tm*,Darin Mastroianni,MIN,OF,0%,-
*04ei5*,Nick Maton,PHI,"2B,SS,INF",2%,989.8
*04y11*,Luis Matos,SF,OF,4%,658.1
*01c1u*,Brian Matusz,CHC,SP,0%,-
*01zvq*,Yunesky Maya,LAA,SP,0%,-
*05r9j*,Marcelo Mayer,BOS,"SS,INF",6%,650.65
*01cim*,Vin Mazzaro,SF,RP,0%,-
*01sfu*,Zach McAllister,STL,SP,0%,-
*000lx*,Paul McAnulty,LAA,"1B,INF",0%,-
*031ek*,Kevin McCarthy,CHC,RP,0%,-
*01cx6*,Daniel McCutchen,SD,RP,0%,-
*013uk*,Casey McGehee,DET,"3B,INF",0%,-
*0310a*,Reese McGuire,TOR,C,3%,921.77
*04afi*,Brendan McKay,TB,SP,5%,926.46
*0473m*,Zach McKinstry,LAD,"2B,INF,OF",20%,673.44
*02zpq*,Yoervis Medina,PHI,RP,0%,-
*004f5*,Evan Meek,WSH,RP,0%,-
*01sv0*,Devin Mesoraco,NYM,C,0%,-
*000ci*,Dan Meyer,BAL,RP,0%,-
*05a2d*,Max Meyer,MIA,"SP,RP",55%,413.3
*031av*,Keynan Middleton,ARI,RP,0%,-
*05gwz*,Bobby Miller,LAD,"SP,RP",6%,812.72
*02n0v*,Hoby Milner,MIL,RP,0%,-
*04en7*,Garrett Mitchell,MIL,OF,5%,789.64
*000dh*,Craig Monroe,PIT,OF,0%,-
*01s9g*,Mike Montgomery,NYM,RP,0%,-
*000z6*,Jose Morales,PIT,C,0%,-
*04s1g*,Gabriel Moreno,TOR,C,37%,419.78
*02n4y*,Mike Morin,MIA,RP,0%,-
*042uz*,Reyes Moronta,LAD,RP,0%,-
*01cdh*,Logan Morrison,MIL,"1B,INF",0%,-
*01dw8*,Clayton Mortensen,MIA,RP,0%,-
*021uu*,Steven Moya,DET,OF,0%,-
*03kux*,Yairo Munoz,PHI,"2B,INF",0%,-
*01scj*,John Ryan Murphy,PIT,C,0%,-
*000u5*,Tommy Murphy,LAA,OF,0%,-
*0003b*,Matt Murton,DET,OF,0%,-
*004i0*,Chris Narveson,MIA,RP,0%,-
*03pjd*,Josh Naylor,CLE,OF,31%,534.28
*026jz*,Zach Neal,COL,RP,0%,-
*01lut*,Chris Nelson,KC,"3B,INF",0%,-
*025em*,Jimmy Nelson,LAD,RP,0%,1266.1
*041pu*,Sheldon Neuse,OAK,"2B,INF",0%,1324.1
*02yn4*,Jake Newberry,PHI,RP,0%,-
*021v7*,Gift Ngoepe,PIT,"2B,INF",0%,-
*01t1z*,Adrian Nieto,MIA,C,0%,-
*03pio*,John Nogowski,ATL,"1B,INF",0%,1162.1
*031bm*,Jacob Nottingham,BAL,UT,2%,935.37
*02n6c*,Scott Oberg,COL,RP,0%,-
*00qri*,Ivan Ochoa,LAD,"SS,INF",0%,-
*004hn*,Mike O'Connor,MIN,RP,0%,-
*00573*,Darren O'Day,ATL,RP,0%,-
*03nzq*,Seunghwan Oh,COL,RP,0%,-
*000sp*,Tomo Ohka,BAL,SP,0%,-
*000wu*,Ross Ohlendorf,CIN,RP,0%,-
*02myt*,Steven Okert,MIA,RP,0%,-
*0007g*,Miguel Olivo,SF,C,0%,-
*000kp*,Scott Olsen,TEX,SP,0%,-
*025ds*,Mike Olt,MIN,"3B,INF",0%,-
*013vw*,Josh Outman,WSH,RP,0%,-
*04674*,Johan Oviedo,STL,SP,1%,984.9
*02bqf*,Henry Owens,ARI,SP,0%,-
*0003m*,Jerry Owens,WSH,OF,0%,-
*01s8o*,Chris Owings,BAL,"2B,INF,OF",2%,1017.78
*000jy*,Angel Pagan,SF,OF,0%,-
*02hqd*,Daniel Palka,NYM,OF,0%,-
*031ce*,Thomas Pannone,BOS,RP,0%,-
*000bq*,Jonathan Papelbon,WSH,RP,0%,-
*025ir*,Kyle Parker,CIN,OF,0%,-
*004d5*,David Pauley,ARI,RP,0%,-
*026s0*,Brad Peacock,KC,"SP,RP",1%,1013.2
*04euc*,Matt Peacock,ARI,"SP,RP",0%,-
*000py*,Jake Peavy,SF,SP,0%,-
*000v8*,Brayan Pena,DET,C,0%,-
*03rea*,Felix Pena,NYM,RP,0%,-
*01chu*,Ramiro Pena,SF,"2B,INF",0%,-
*0512m*,Ryan Pepiot,LAD,SP,9%,807.98
*04g7n*,Oswald Peraza,NYY,"SS,INF",10%,746.02
*03ry3*,Luis Perdomo,MIL,RP,0%,-
*01suw*,Carlos Perez,COL,C,0%,-
*03zo6*,Cionel Perez,BAL,RP,0%,-
*013u3*,Fernando Perez,NYM,OF,0%,-
*000vv*,Juan Perez,TEX,RP,0%,-
*0240v*,Juan Perez,DET,OF,0%,-
*0005d*,Odalis Perez,WSH,SP,0%,-
*000qy*,Oliver Perez,CLE,RP,0%,-
*01seo*,Bryan Petersen,MIL,OF,0%,-
*021wm*,Cord Phelps,PHI,"2B,INF",0%,-
*01whj*,David Phelps,TOR,RP,0%,1057.1
*000fs*,Josh Phelps,CLE,"1B,INF",0%,-
*03qto*,Evan Phillips,LAD,RP,0%,-
*01fcl*,Stolmy Pimentel,NYM,RP,0%,-
*01sjx*,Yohan Pino,MIN,"SP,RP",0%,-
*02mz1*,Colin Poche,TB,RP,1%,1002.2
*004do*,Jason Pridie,ARI,OF,0%,-
*050vn*,Quinn Priester,PIT,SP,4%,764.61
*004f9*,Mark Prior,CIN,SP,0%,-
*0315n*,Austin Pruitt,OAK,RP,0%,-
*01sro*,Cesar Puello,NYM,OF,0%,-
*04k0x*,Jose Quijada,LAA,RP,0%,-
*000nk*,Omar Quintanilla,COL,"SS,INF",0%,-
*000fy*,Guillermo Quiroz,CLE,C,0%,-
*04my4*,Cal Raleigh,SEA,C,30%,517.05
*000vr*,Edwar Ramirez,OAK,RP,0%,-
*02cch*,Erasmo Ramirez,WSH,RP,0%,-
*005jy*,Max Ramirez,KC,C,0%,-
*0436n*,Yefry Ramirez,LAD,RP,0%,-
*04ddz*,Yohan Ramirez,SEA,RP,3%,993.3
*02w74*,AJ Ramos,LAA,RP,0%,-
*01luu*,Cesar Ramos,LAD,RP,0%,-
*03yvy*,Edubray Ramos,TEX,RP,0%,-
*000ta*,Clay Rapada,SF,RP,0%,-
*02ytp*,Cory Rasmus,LAA,RP,0%,-
*000iw*,Chris Ray,OAK,RP,0%,-
*03azu*,Pablo Reyes,MIL,"3B,INF",0%,1298.1
*005h4*,Greg Reynolds,SD,SP,0%,-
*01uv0*,Matt Reynolds,SF,RP,0%,-
*02wad*,Matt Reynolds,NYM,"3B,INF",0%,-
*0003u*,Danny Richar,MIA,"2B,INF",0%,-
*0313a*,JT Riddle,CIN,"SS,INF",0%,-
*025kx*,Andre Rienzo,SD,RP,0%,-
*000hl*,Royce Ring,COL,RP,0%,-
*02bzl*,Yacksel Rios,CHW,RP,0%,-
*02hjn*,Yadiel Rivera,HOU,"3B,INF",0%,-
*02oqn*,Daniel Robertson,MIN,"3B,INF",0%,-
*005m0*,David Robertson,CHC,RP,3%,913.43
*000mg*,Nate Robertson,DET,SP,0%,-
*01cja*,Tyler Robertson,MIA,RP,0%,-
*021xr*,Clint Robinson,WSH,"1B,INF",0%,-
*01tj2*,Derrick Robinson,WSH,OF,0%,-
*01sgp*,Trayvon Robinson,CHW,OF,0%,-
*01se4*,Aneury Rodriguez,HOU,SP,0%,-
*02buj*,Dereck Rodriguez,MIN,SP,0%,-
*04pko*,Grayson Rodriguez,BAL,SP,68%,387.86
*01fi5*,Henry Rodriguez,ARI,RP,0%,-
*03ay3*,Jefry Rodriguez,WSH,RP,0%,-
*014xt*,Josh Roenicke,LAA,RP,0%,-
*03av1*,Jake Rogers,DET,C,1%,1032.07
*027vl*,Jason Rogers,PIT,"1B,INF",0%,-
*02432*,Enny Romero,LAD,RP,0%,-
*021y1*,Sandy Rosario,SF,RP,0%,-
*01uvb*,B.J. Rosenberg,LAD,RP,0%,-
*01s8w*,Tyson Ross,TEX,SP,0%,-
*000al*,Ryan Rowland-Smith,CIN,RP,0%,-
*03f26*,Drew Rucinski,MIA,RP,0%,-
*000wf*,Justin Ruggiano,SF,OF,0%,-
*022vs*,Chris Rusin,COL,RP,0%,-
*000kd*,Brendan Ryan,LAA,"SS,INF",0%,-
*02hlf*,Kyle Ryan,STL,RP,0%,-
*01ska*,Keyvius Sampson,CHW,RP,0%,-
*0241y*,Aaron Sanchez,WSH,SP,2%,998.43
*02yla*,Adrian Sanchez,WSH,"2B,INF",0%,-
*004dj*,Angel Sanchez,LAD,"SS,INF",0%,-
*000v3*,Anibal Sanchez,WSH,SP,0%,-
*01srf*,Eduardo Sanchez,DET,RP,0%,-
*021yd*,Hector Sanchez,DET,C,0%,-
*02i35*,Yolmer Sanchez,BOS,"2B,INF",0%,-
*021yn*,Dave Sappelt,BOS,OF,0%,-
*000rp*,Joe Saunders,SEA,SP,0%,-
*0410x*,Warwick Saupold,DET,RP,0%,-
*01ci7*,Joe Savery,CHW,RP,0%,-
*0057x*,Jordan Schafer,SF,OF,0%,-
*021yt*,Logan Schafer,BAL,OF,0%,-
*02z07*,Scott Schebler,COL,OF,0%,-
*0008v*,Nate Schierholtz,DET,OF,0%,-
*03qqq*,Max Schrock,CIN,OF,2%,979.53
*02sll*,A.J. Schugel,NYM,RP,0%,-
*03bx1*,Bo Schultz,BAL,RP,0%,-
*021z2*,Justin Sellers,SD,"SS,INF",0%,-
*03dg9*,Justin Shafer,CHC,RP,0%,-
*03aog*,Ryan Sherriff,PHI,RP,0%,-
*02z98*,Braden Shipley,SEA,"SP,RP",0%,-
*0420g*,Zack Short,DET,"SS,INF",0%,-
*01srk*,Jon Singleton,MIL,"1B,INF",3%,1011
*02c2x*,Eric Skoglund,KC,"SP,RP",0%,-
*031ba*,Aaron Slegers,TB,RP,0%,-
*02br0*,Dwight Smith Jr.,CHW,OF,0%,-
*01usy*,Jordan Smith,MIA,RP,0%,-
*02bv0*,Kevan Smith,ATL,C,0%,-
*02c0a*,Mallex Smith,TOR,OF,2%,952.7
*04260*,Riley Smith,ARI,"SP,RP",0%,-
*021zo*,Jhonatan Solano,WSH,C,0%,-
*01t3g*,Steven Souza Jr.,SEA,OF,0%,-
*02bq1*,Cory Spangenberg,MIL,"3B,INF",0%,-
*025is*,Josh Spence,MIA,RP,0%,-
*04mlr*,Jeffrey Springs,TB,RP,2%,1026.53
*03qr4*,Cody Stashak,MIN,RP,0%,-
*000si*,Tim Stauffer,ARI,RP,0%,-
*02n8k*,Jackson Stephens,ATL,RP,0%,-
*03pjk*,Christin Stewart,BOS,OF,0%,-
*02c3s*,Matt Stites,ARI,RP,0%,-
*01shb*,Robert Stock,NYM,SP,0%,-
*01s9j*,Dee Strange-Gordon,WSH,"2B,INF",1%,1100.97
*01sux*,Eric Surkamp,TEX,"SP,RP",0%,-
*03dgs*,Erik Swanson,SEA,RP,3%,966.57
*01di2*,Anthony Swarzak,KC,RP,0%,-
*01cgh*,Jose Tabata,TOR,OF,0%,-
*00qrj*,Taylor Teagarden,CHC,C,0%,-
*01uoi*,Blake Tekotte,BOS,OF,0%,-
*025gm*,Tomas Telis,LAD,C,0%,-
*01t7a*,Kanekoa Texeira,ATL,RP,0%,-
*04053*,Matt Thaiss,LAA,"1B,INF",17%,728.07
*000gl*,Marcus Thames,NYY,OF,0%,-
*000dl*,Brad Thompson,MIN,RP,0%,-
*000qc*,Kevin Thompson,TEX,OF,0%,-
*000mz*,Mike Thompson,SD,"SP,RP",0%,-
*000fc*,Scott Thorman,DET,"1B,INF",0%,-
*025f5*,Tyler Thornburg,ATL,RP,0%,-
*02hhl*,Andrew Toles,LAD,OF,0%,-
*01fi8*,Steve Tolleson,KC,"2B,INF",0%,-
*02oyz*,Michael Tonkin,ATL,RP,0%,-
*01sbw*,Alex Torres,SF,RP,0%,-
*01tm9*,Rene Tosoni,MIL,OF,0%,-
*000s9*,J.R. Towles,HOU,C,0%,-
*02btn*,Nick Tropeano,TEX,RP,0%,1274.1
*03d75*,Spencer Turnbull,DET,SP,3%,773.54
*02xil*,Richard Urena,WSH,"SS,INF",0%,-
*01cfv*,Chris Valaika,CHC,"3B,INF",0%,-
*02210*,Jordany Valdespin,MIN,"2B,INF",0%,-
*040bu*,Phillips Valdez,BOS,RP,0%,-
*0001t*,Jose Valverde,WSH,RP,0%,-
*0008p*,Claudio Vargas,TOR,RP,0%,-
*0433b*,Ildemaro Vargas,CHC,"3B,INF",0%,-
*02xmq*,Kennys Vargas,DET,"1B,INF",0%,-
*04ru7*,Miguel Vargas,LAD,"3B,INF",9%,753.04
*000oi*,Virgil Vasquez,MIN,SP,0%,-
*05gbg*,Zac Veen,COL,OF,6%,666.6
*028is*,Vince Velasquez,CHW,SP,2%,1052.7
*01sgy*,Pat Venditte,MIA,RP,0%,-
*02myh*,Drew VerHagen,STL,RP,0%,994.1
*02bs8*,Logan Verrett,WSH,RP,0%,-
*01but*,Dayan Viciedo,CHW,OF,0%,-
*0008r*,Carlos Villanueva,SD,RP,0%,-
*02hsl*,Pedro Villarreal,CIN,RP,0%,-
*03mpf*,Meibrys Viloria,TEX,C,0%,-
*01see*,Arodys Vizcaino,KC,RP,0%,1432.1
*04y9p*,Anthony Volpe,NYY,"SS,INF",9%,664.11
*03dpa*,Jason Vosler,SF,"3B,INF",1%,972.5
*02gzl*,Tsuyoshi Wada,CHC,SP,0%,-
*01cgw*,Jordan Walden,STL,RP,0%,-
*05gbf*,Jordan Walker,STL,"3B,INF",6%,652.47
*01c50*,Neil Walker,PHI,"2B,INF",0%,-
*01c1w*,Brett Wallace,SD,"3B,INF",0%,-
*03121*,Chad Wallach,LAA,C,0%,-
*01cwm*,P.J. Walters,WSH,SP,0%,-
*026k8*,Zach Walters,KC,"SS,INF",0%,-
*03pje*,Taylor Ward,LAA,OF,5%,863.59
*01ubk*,Logan Watkins,DET,"2B,INF",0%,-
*04y76*,Jacob Webb,ATL,RP,0%,1413.1
*02hux*,Ryan Weber,NYY,RP,0%,-
*01c45*,Jemile Weeks,SD,"2B,INF",0%,-
*05ahg*,Austin Wells,NYY,C,3%,698.6
*0473n*,Tyler A. Wells,BAL,RP,34%,421.04
*01cik*,Sean West,WSH,SP,0%,-
*01u4b*,Ryan Wheeler,ARI,"3B,INF",0%,-
*01shc*,Alex White,ATL,SP,0%,-
*041w3*,Eli White,TEX,OF,0%,913.1
*04bpk*,Evan White,SEA,"1B,INF",23%,604.29
*03oxd*,Tyler White,MIL,"1B,INF",0%,1151.1
*041m3*,Forrest Whitley,HOU,SP,1%,1104.9
*03dfo*,Brad Wieck,CHC,RP,2%,973.4
*02z0x*,Justin Williams,PHI,OF,1%,879.7
*03qk3*,Luke Williams,PHI,OF,1%,1218.7
*03qtp*,Trey Wingenter,CIN,RP,0%,-
*04paj*,Cole Winn,TEX,SP,23%,638.25
*01s9m*,Chris Withrow,ATL,RP,0%,-
*0241w*,Asher Wojciechowski,SEA,SP,0%,-
*000i6*,Ross Wolf,TEX,RP,0%,-
*01vxk*,Tony Wolters,LAD,C,0%,-
*000o4*,Brandon Wood,SD,"3B,SS,INF",0%,-
*0003j*,Kerry Wood,CHC,RP,0%,-
*000cg*,Mike Wood,TEX,"SP,RP",0%,-
*04pmp*,Simeon Woods-Richardson,MIN,SP,1%,964.15
*01ucm*,Brandon Workman,TEX,RP,0%,-
*01uha*,Danny Worth,HOU,"2B,SS,INF",0%,-
*04aed*,Kyle Wright,ATL,SP,23%,643.36
*02brt*,Mike Wright,LAD,RP,0%,-
*031dt*,Jimmy Yacabonis,MIA,RP,0%,-
*04qp0*,Miguel Yajure,PIT,SP,14%,772.05
*03djm*,Jordan Yamamoto,NYM,"SP,RP",1%,1137.7
*0589r*,Eric Yardley,CHC,RP,0%,-
*02yqz*,Gabriel Ynoa,BAL,RP,0%,-
*0222e*,Rafael Ynoa,COL,OF,0%,-
*03aad*,Alex Young,CLE,RP,0%,-
*00027*,Delwyn Young,WSH,OF,0%,-
*000he*,Mike Zagurski,CHC,RP,0%,-
*01ddf*,Clay Zavada,SD,RP,0%,-
*025sy*,Josh Zeid,STL,RP,0%,-
*04ehi*,Tyler Zuber,KC,RP,0%,-
